x,y,z,label
2195.338624,2100.612991,775.2246197,0
2195.338624,2100.612991,775.2246197,0
2195.338624,2100.612991,775.2246197,0
2195.338624,2100.612991,775.2246197,0
2195.338624,2100.612991,775.2246197,0
2198.335773,2135.525034,764.7856461,0
2198.335773,2135.525034,764.7856461,0
2198.335773,2135.525034,764.7856461,0
2198.335773,2135.525034,764.7856461,0
2198.335773,2135.525034,764.7856461,0
2198.335773,2135.525034,764.7856461,0
2198.335773,2135.525034,764.7856461,0
2198.335773,2135.525034,764.7856461,0
2108.852309,2125.786649,685.6801218,0
2108.852309,2125.786649,685.6801218,0
2108.852309,2125.786649,685.6801218,0
2108.852309,2125.786649,685.6801218,0
2108.852309,2125.786649,685.6801218,0
2108.852309,2125.786649,685.6801218,0
2108.852309,2125.786649,685.6801218,0
2108.852309,2125.786649,685.6801218,0
2149.600931,2110.37111,714.5319843,0
2149.600931,2110.37111,714.5319843,0
2149.600931,2110.37111,714.5319843,0
2149.600931,2110.37111,714.5319843,0
2149.600931,2110.37111,714.5319843,0
2149.600931,2110.37111,714.5319843,0
2149.600931,2110.37111,714.5319843,0
2149.600931,2110.37111,714.5319843,0
2149.600931,2110.37111,714.5319843,0
2203.185801,2105.48083,755.1661322,0
2203.185801,2105.48083,755.1661322,0
2203.185801,2105.48083,755.1661322,0
2203.185801,2105.48083,755.1661322,0
2203.185801,2105.48083,755.1661322,0
2203.185801,2105.48083,755.1661322,0
2203.185801,2105.48083,755.1661322,0
2203.185801,2105.48083,755.1661322,0
2189.172021,2077.398173,750.695064,0
2189.172021,2077.398173,750.695064,0
2189.172021,2077.398173,750.695064,0
2189.172021,2077.398173,750.695064,0
2189.172021,2077.398173,750.695064,0
2189.172021,2077.398173,750.695064,0
2189.172021,2077.398173,750.695064,0
2189.172021,2077.398173,750.695064,0
2189.172021,2077.398173,750.695064,0
2162.768485,2094.741994,775.7716751,0
2162.768485,2094.741994,775.7716751,0
2162.768485,2094.741994,775.7716751,0
2162.768485,2094.741994,775.7716751,0
2162.768485,2094.741994,775.7716751,0
2162.768485,2094.741994,775.7716751,0
2162.768485,2094.741994,775.7716751,0
2162.768485,2094.741994,775.7716751,0
2162.768485,2094.741994,775.7716751,0
2162.768485,2094.741994,775.7716751,0
2162.768485,2094.741994,775.7716751,0
2162.768485,2094.741994,775.7716751,0
2162.768485,2094.741994,775.7716751,0
2162.768485,2094.741994,775.7716751,0
2162.768485,2094.741994,775.7716751,0
2162.768485,2094.741994,775.7716751,0
2117.810397,2103.868742,688.0163274,0
2117.810397,2103.868742,688.0163274,0
2117.810397,2103.868742,688.0163274,0
2117.810397,2103.868742,688.0163274,0
2117.810397,2103.868742,688.0163274,0
2117.810397,2103.868742,688.0163274,0
2117.810397,2103.868742,688.0163274,0
2117.810397,2103.868742,688.0163274,0
2117.810397,2103.868742,688.0163274,0
2231.147025,2098.011276,761.2431675,0
2231.147025,2098.011276,761.2431675,0
2231.147025,2098.011276,761.2431675,0
2231.147025,2098.011276,761.2431675,0
2231.147025,2098.011276,761.2431675,0
2231.147025,2098.011276,761.2431675,0
2231.147025,2098.011276,761.2431675,0
2231.147025,2098.011276,761.2431675,0
2131.431382,2092.077131,682.7854105,0
2131.431382,2092.077131,682.7854105,0
2131.431382,2092.077131,682.7854105,0
2131.431382,2092.077131,682.7854105,0
2131.431382,2092.077131,682.7854105,0
2131.431382,2092.077131,682.7854105,0
2131.431382,2092.077131,682.7854105,0
2131.431382,2092.077131,682.7854105,0
2131.431382,2092.077131,682.7854105,0
2153.104068,2093.409562,735.6365392,0
2153.104068,2093.409562,735.6365392,0
2153.104068,2093.409562,735.6365392,0
2153.104068,2093.409562,735.6365392,0
2153.104068,2093.409562,735.6365392,0
2153.104068,2093.409562,735.6365392,0
2153.104068,2093.409562,735.6365392,0
2153.104068,2093.409562,735.6365392,0
2141.515491,2083.738047,666.3859808,0
2141.515491,2083.738047,666.3859808,0
2141.515491,2083.738047,666.3859808,0
2141.515491,2083.738047,666.3859808,0
2141.515491,2083.738047,666.3859808,0
2141.515491,2083.738047,666.3859808,0
2141.515491,2083.738047,666.3859808,0
2141.515491,2083.738047,666.3859808,0
2126.341855,2095.221583,661.9806654,0
2126.341855,2095.221583,661.9806654,0
2126.341855,2095.221583,661.9806654,0
2126.341855,2095.221583,661.9806654,0
2126.341855,2095.221583,661.9806654,0
2126.341855,2095.221583,661.9806654,0
2126.341855,2095.221583,661.9806654,0
2126.341855,2095.221583,661.9806654,0
2126.341855,2095.221583,661.9806654,0
2140.147596,2057.959856,662.9296265,0
2140.147596,2057.959856,662.9296265,0
2140.147596,2057.959856,662.9296265,0
2140.147596,2057.959856,662.9296265,0
2140.147596,2057.959856,662.9296265,0
2140.147596,2057.959856,662.9296265,0
2140.147596,2057.959856,662.9296265,0
2140.147596,2057.959856,662.9296265,0
2121.968542,2077.398173,672.84945,0
2121.968542,2077.398173,672.84945,0
2121.968542,2077.398173,672.84945,0
2121.968542,2077.398173,672.84945,0
2121.968542,2077.398173,672.84945,0
2121.968542,2077.398173,672.84945,0
2121.968542,2077.398173,672.84945,0
2121.968542,2077.398173,672.84945,0
2121.968542,2077.398173,672.84945,0
2143.959894,2105.48083,685.5753913,0
2143.959894,2105.48083,685.5753913,0
2143.959894,2105.48083,685.5753913,0
2143.959894,2105.48083,685.5753913,0
2143.959894,2105.48083,685.5753913,0
2143.959894,2105.48083,685.5753913,0
2143.959894,2105.48083,685.5753913,0
2143.959894,2105.48083,685.5753913,0
2142.106634,2105.388475,664.7059094,0
2142.106634,2105.388475,664.7059094,0
2142.106634,2105.388475,664.7059094,0
2142.106634,2105.388475,664.7059094,0
2142.106634,2105.388475,664.7059094,0
2142.106634,2105.388475,664.7059094,0
2142.106634,2105.388475,664.7059094,0
2142.106634,2105.388475,664.7059094,0
2161.608915,2076.503045,699.9894738,0
2161.608915,2076.503045,699.9894738,0
2161.608915,2076.503045,699.9894738,0
2161.608915,2076.503045,699.9894738,0
2161.608915,2076.503045,699.9894738,0
2161.608915,2076.503045,699.9894738,0
2161.608915,2076.503045,699.9894738,0
2161.608915,2076.503045,699.9894738,0
2161.608915,2076.503045,699.9894738,0
2135.626497,2059.424899,685.3239048,0
2135.626497,2059.424899,685.3239048,0
2135.626497,2059.424899,685.3239048,0
2135.626497,2059.424899,685.3239048,0
2135.626497,2059.424899,685.3239048,0
2135.626497,2059.424899,685.3239048,0
2135.626497,2059.424899,685.3239048,0
2135.626497,2059.424899,685.3239048,0
2144.120699,2073.615359,684.3190291,0
2144.120699,2073.615359,684.3190291,0
2144.120699,2073.615359,684.3190291,0
2144.120699,2073.615359,684.3190291,0
2144.120699,2073.615359,684.3190291,0
2144.120699,2073.615359,684.3190291,0
2144.120699,2073.615359,684.3190291,0
2144.120699,2073.615359,684.3190291,0
2148.552842,2096.817885,655.1261547,0
2148.552842,2096.817885,655.1261547,0
2148.552842,2096.817885,655.1261547,0
2148.552842,2096.817885,655.1261547,0
2148.552842,2096.817885,655.1261547,0
2148.552842,2096.817885,655.1261547,0
2148.552842,2096.817885,655.1261547,0
2148.552842,2096.817885,655.1261547,0
2148.552842,2096.817885,655.1261547,0
2147.019673,2117.266464,692.8129277,0
2147.019673,2117.266464,692.8129277,0
2147.019673,2117.266464,692.8129277,0
1725.514636,3781.907533,598.1000243,1
1727.862574,3738.817208,516.782348,1
1727.862574,3738.817208,516.782348,1
1727.862574,3738.817208,516.782348,1
1727.862574,3738.817208,516.782348,1
1727.862574,3738.817208,516.782348,1
1727.862574,3738.817208,516.782348,1
1727.862574,3738.817208,516.782348,1
1727.862574,3738.817208,516.782348,1
1727.862574,3738.817208,516.782348,1
1745.730089,3754.323072,517.1864158,1
1745.730089,3754.323072,517.1864158,1
1745.730089,3754.323072,517.1864158,1
1745.730089,3754.323072,517.1864158,1
1745.730089,3754.323072,517.1864158,1
1745.730089,3754.323072,517.1864158,1
1745.730089,3754.323072,517.1864158,1
1745.730089,3754.323072,517.1864158,1
1737.692549,3727.081191,555.4163347,1
1737.692549,3727.081191,555.4163347,1
1737.692549,3727.081191,555.4163347,1
1737.692549,3727.081191,555.4163347,1
1737.692549,3727.081191,555.4163347,1
1737.692549,3727.081191,555.4163347,1
1737.692549,3727.081191,555.4163347,1
1737.692549,3727.081191,555.4163347,1
1700.839194,3712.133063,551.9058294,1
1700.839194,3712.133063,551.9058294,1
1700.839194,3712.133063,551.9058294,1
1700.839194,3712.133063,551.9058294,1
1700.839194,3712.133063,551.9058294,1
1700.839194,3712.133063,551.9058294,1
1700.839194,3712.133063,551.9058294,1
1700.839194,3712.133063,551.9058294,1
1700.839194,3712.133063,551.9058294,1
1737.019673,3781.824087,574.480146,1
1737.019673,3781.824087,574.480146,1
1737.019673,3781.824087,574.480146,1
1737.019673,3781.824087,574.480146,1
1737.019673,3781.824087,574.480146,1
1737.019673,3781.824087,574.480146,1
1737.019673,3781.824087,574.480146,1
1737.019673,3781.824087,574.480146,1
1650.033644,3767.94452,498.8952326,1
1650.033644,3767.94452,498.8952326,1
1650.033644,3767.94452,498.8952326,1
1650.033644,3767.94452,498.8952326,1
1650.033644,3767.94452,498.8952326,1
1650.033644,3767.94452,498.8952326,1
1650.033644,3767.94452,498.8952326,1
1650.033644,3767.94452,498.8952326,1
1696.523094,3698.830514,523.3933122,1
1696.523094,3698.830514,523.3933122,1
1696.523094,3698.830514,523.3933122,1
1696.523094,3698.830514,523.3933122,1
1696.523094,3698.830514,523.3933122,1
1696.523094,3698.830514,523.3933122,1
1696.523094,3698.830514,523.3933122,1
1696.523094,3698.830514,523.3933122,1
1696.523094,3698.830514,523.3933122,1
1721.172876,3756.365359,553.897479,1
1721.172876,3756.365359,553.897479,1
1721.172876,3756.365359,553.897479,1
1721.172876,3756.365359,553.897479,1
1721.172876,3756.365359,553.897479,1
1721.172876,3756.365359,553.897479,1
1721.172876,3756.365359,553.897479,1
1721.172876,3756.365359,553.897479,1
1738.635335,3784.678733,581.4578121,1
1738.635335,3784.678733,581.4578121,1
1738.635335,3784.678733,581.4578121,1
1738.635335,3784.678733,581.4578121,1
1738.635335,3784.678733,581.4578121,1
1738.635335,3784.678733,581.4578121,1
1738.635335,3784.678733,581.4578121,1
1738.635335,3784.678733,581.4578121,1
1738.635335,3784.678733,581.4578121,1
1682.146835,3734.163396,546.6304076,1
1682.146835,3734.163396,546.6304076,1
1682.146835,3734.163396,546.6304076,1
1682.146835,3734.163396,546.6304076,1
1682.146835,3734.163396,546.6304076,1
1682.146835,3734.163396,546.6304076,1
1682.146835,3734.163396,546.6304076,1
1682.146835,3734.163396,546.6304076,1
1744.542197,3718.953992,545.642644,1
1744.542197,3718.953992,545.642644,1
1744.542197,3718.953992,545.642644,1
1744.542197,3718.953992,545.642644,1
1744.542197,3718.953992,545.642644,1
1744.542197,3718.953992,545.642644,1
1744.542197,3718.953992,545.642644,1
1744.542197,3718.953992,545.642644,1
1691.347082,3755.052661,518.0902105,1
1691.347082,3755.052661,518.0902105,1
1691.347082,3755.052661,518.0902105,1
1691.347082,3755.052661,518.0902105,1
1691.347082,3755.052661,518.0902105,1
1691.347082,3755.052661,518.0902105,1
1691.347082,3755.052661,518.0902105,1
1691.347082,3755.052661,518.0902105,1
1691.347082,3755.052661,518.0902105,1
1730.321707,3735.899414,513.3016112,1
1730.321707,3735.899414,513.3016112,1
1730.321707,3735.899414,513.3016112,1
1730.321707,3735.899414,513.3016112,1
1730.321707,3735.899414,513.3016112,1
1730.321707,3735.899414,513.3016112,1
1730.321707,3735.899414,513.3016112,1
1730.321707,3735.899414,513.3016112,1
1669.401255,3744.429973,556.1114133,1
1669.401255,3744.429973,556.1114133,1
1669.401255,3744.429973,556.1114133,1
1669.401255,3744.429973,556.1114133,1
1669.401255,3744.429973,556.1114133,1
1669.401255,3744.429973,556.1114133,1
1669.401255,3744.429973,556.1114133,1
1669.401255,3744.429973,556.1114133,1
1687.488405,3692.096978,512.7379776,1
1687.488405,3692.096978,512.7379776,1
1687.488405,3692.096978,512.7379776,1
1687.488405,3692.096978,512.7379776,1
1687.488405,3692.096978,512.7379776,1
1687.488405,3692.096978,512.7379776,1
1687.488405,3692.096978,512.7379776,1
1687.488405,3692.096978,512.7379776,1
1687.488405,3692.096978,512.7379776,1
1728.456187,3733.231394,571.1365271,1
1728.456187,3733.231394,571.1365271,1
1728.456187,3733.231394,571.1365271,1
1728.456187,3733.231394,571.1365271,1
1728.456187,3733.231394,571.1365271,1
1728.456187,3733.231394,571.1365271,1
1728.456187,3733.231394,571.1365271,1
1728.456187,3733.231394,571.1365271,1
1751.016917,3751.53507,581.2349875,1
1751.016917,3751.53507,581.2349875,1
1751.016917,3751.53507,581.2349875,1
1751.016917,3751.53507,581.2349875,1
1751.016917,3751.53507,581.2349875,1
1751.016917,3751.53507,581.2349875,1
1751.016917,3751.53507,581.2349875,1
1751.016917,3751.53507,581.2349875,1
1751.016917,3751.53507,581.2349875,1
1710.911804,3730.932341,531.5505561,1
1710.911804,3730.932341,531.5505561,1
1710.911804,3730.932341,531.5505561,1
1710.911804,3730.932341,531.5505561,1
1710.911804,3730.932341,531.5505561,1
1710.911804,3730.932341,531.5505561,1
1710.911804,3730.932341,531.5505561,1
1710.911804,3730.932341,531.5505561,1
1675.508554,3715.009134,537.0361526,1
1675.508554,3715.009134,537.0361526,1
1675.508554,3715.009134,537.0361526,1
1675.508554,3715.009134,537.0361526,1
1675.508554,3715.009134,537.0361526,1
1675.508554,3715.009134,537.0361526,1
1675.508554,3715.009134,537.0361526,1
1675.508554,3715.009134,537.0361526,1
1671.402395,3733.231394,524.9280254,1
1671.402395,3733.231394,524.9280254,1
1671.402395,3733.231394,524.9280254,1
1671.402395,3733.231394,524.9280254,1
1671.402395,3733.231394,524.9280254,1
1671.402395,3733.231394,524.9280254,1
1671.402395,3733.231394,524.9280254,1
1671.402395,3733.231394,524.9280254,1
1671.402395,3733.231394,524.9280254,1
1700.644934,3725.886784,578.1229,1
1700.644934,3725.886784,578.1229,1
1700.644934,3725.886784,578.1229,1
1700.644934,3725.886784,578.1229,1
1700.644934,3725.886784,578.1229,1
1700.644934,3725.886784,578.1229,1
1700.644934,3725.886784,578.1229,1
1700.644934,3725.886784,578.1229,1
1698.702243,3746.354082,528.0423852,1
1698.702243,3746.354082,528.0423852,1
1698.702243,3746.354082,528.0423852,1
1698.702243,3746.354082,528.0423852,1
1698.702243,3746.354082,528.0423852,1
1698.702243,3746.354082,528.0423852,1
1698.702243,3746.354082,528.0423852,1
1698.702243,3746.354082,528.0423852,1
1748.148071,3728.050406,577.7097146,1
1748.148071,3728.050406,577.7097146,1
1748.148071,3728.050406,577.7097146,1
1748.148071,3728.050406,577.7097146,1
1748.148071,3728.050406,577.7097146,1
1748.148071,3728.050406,577.7097146,1
1748.148071,3728.050406,577.7097146,1
1748.148071,3728.050406,577.7097146,1
1748.148071,3728.050406,577.7097146,1
1692.675347,3739.015336,532.1852983,1
1692.675347,3739.015336,532.1852983,1
1692.675347,3739.015336,532.1852983,1
1692.675347,3739.015336,532.1852983,1
1692.675347,3739.015336,532.1852983,1
1692.675347,3739.015336,532.1852983,1
1692.675347,3739.015336,532.1852983,1
1692.675347,3739.015336,532.1852983,1
1721.832446,3695.922869,538.3882518,1
1721.832446,3695.922869,538.3882518,1
1721.832446,3695.922869,538.3882518,1
1721.832446,3695.922869,538.3882518,1
1721.832446,3695.922869,538.3882518,1
1721.832446,3695.922869,538.3882518,1
1721.832446,3695.922869,538.3882518,1
1721.832446,3695.922869,538.3882518,1
1721.832446,3695.922869,538.3882518,1
1710.911804,3758.961096,518.2610602,1
1710.911804,3758.961096,518.2610602,1
1710.911804,3758.961096,518.2610602,1
1710.911804,3758.961096,518.2610602,1
1710.911804,3758.961096,518.2610602,1
1710.911804,3758.961096,518.2610602,1
1710.911804,3758.961096,518.2610602,1
1710.911804,3758.961096,518.2610602,1
1716.936039,3743.088746,525.1071519,1
1716.936039,3743.088746,525.1071519,1
1716.936039,3743.088746,525.1071519,1
1716.936039,3743.088746,525.1071519,1
1716.936039,3743.088746,525.1071519,1
1716.936039,3743.088746,525.1071519,1
1716.936039,3743.088746,525.1071519,1
1716.936039,3743.088746,525.1071519,1
1760.264208,3740.739851,535.6604637,1
1760.264208,3740.739851,535.6604637,1
1760.264208,3740.739851,535.6604637,1
1760.264208,3740.739851,535.6604637,1
1760.264208,3740.739851,535.6604637,1
1760.264208,3740.739851,535.6604637,1
1760.264208,3740.739851,535.6604637,1
1760.264208,3740.739851,535.6604637,1
1760.264208,3740.739851,535.6604637,1
1716.339194,3720.744362,581.175218,1
1716.339194,3720.744362,581.175218,1
1716.339194,3720.744362,581.175218,1
1716.339194,3720.744362,581.175218,1
1716.339194,3720.744362,581.175218,1
1716.339194,3720.744362,581.175218,1
1716.339194,3720.744362,581.175218,1
1716.339194,3720.744362,581.175218,1
1817.078977,3712.133063,652.7089736,1
1817.078977,3712.133063,652.7089736,1
1817.078977,3712.133063,652.7089736,1
1817.078977,3712.133063,652.7089736,1
1817.078977,3712.133063,652.7089736,1
1817.078977,3712.133063,652.7089736,1
1817.078977,3712.133063,652.7089736,1
1817.078977,3712.133063,652.7089736,1
1746.554267,3752.166441,557.6147328,1
1746.554267,3752.166441,557.6147328,1
1746.554267,3752.166441,557.6147328,1
1746.554267,3752.166441,557.6147328,1
1746.554267,3752.166441,557.6147328,1
1746.554267,3752.166441,557.6147328,1
800.7178293,169.3274696,-138.7158733,2
800.7178293,169.3274696,-138.7158733,2
800.7178293,169.3274696,-138.7158733,2
800.7178293,169.3274696,-138.7158733,2
800.7178293,169.3274696,-138.7158733,2
800.7178293,169.3274696,-138.7158733,2
800.7178293,169.3274696,-138.7158733,2
800.7178293,169.3274696,-138.7158733,2
805.790154,1686.792851,403.4256066,2
805.790154,1686.792851,403.4256066,2
805.790154,1686.792851,403.4256066,2
805.790154,1686.792851,403.4256066,2
805.790154,1686.792851,403.4256066,2
805.790154,1686.792851,403.4256066,2
805.790154,1686.792851,403.4256066,2
805.790154,1686.792851,403.4256066,2
805.790154,1686.792851,403.4256066,2
762.8099221,1755.635205,431.9336648,2
762.8099221,1755.635205,431.9336648,2
762.8099221,1755.635205,431.9336648,2
762.8099221,1755.635205,431.9336648,2
762.8099221,1755.635205,431.9336648,2
762.8099221,1755.635205,431.9336648,2
762.8099221,1755.635205,431.9336648,2
762.8099221,1755.635205,431.9336648,2
762.8099221,1803.806495,470.9871132,2
762.8099221,1803.806495,470.9871132,2
762.8099221,1803.806495,470.9871132,2
762.8099221,1803.806495,470.9871132,2
762.8099221,1803.806495,470.9871132,2
762.8099221,1803.806495,470.9871132,2
762.8099221,1803.806495,470.9871132,2
762.8099221,1803.806495,470.9871132,2
762.3761642,1809.14885,438.0688011,2
762.3761642,1809.14885,438.0688011,2
762.3761642,1809.14885,438.0688011,2
762.3761642,1809.14885,438.0688011,2
762.3761642,1809.14885,438.0688011,2
762.3761642,1809.14885,438.0688011,2
762.3761642,1809.14885,438.0688011,2
762.3761642,1809.14885,438.0688011,2
762.3761642,1809.14885,438.0688011,2
749.4531458,1820.553451,467.7813907,2
749.4531458,1820.553451,467.7813907,2
749.4531458,1820.553451,467.7813907,2
749.4531458,1820.553451,467.7813907,2
749.4531458,1820.553451,467.7813907,2
749.4531458,1820.553451,467.7813907,2
749.4531458,1820.553451,467.7813907,2
749.4531458,1820.553451,467.7813907,2
798.2406387,1804.999549,438.6482758,2
798.2406387,1804.999549,438.6482758,2
798.2406387,1804.999549,438.6482758,2
798.2406387,1804.999549,438.6482758,2
798.2406387,1804.999549,438.6482758,2
798.2406387,1804.999549,438.6482758,2
798.2406387,1804.999549,438.6482758,2
798.2406387,1804.999549,438.6482758,2
819.2454856,1862.933694,461.554603,2
819.2454856,1862.933694,461.554603,2
819.2454856,1862.933694,461.554603,2
819.2454856,1862.933694,461.554603,2
819.2454856,1862.933694,461.554603,2
819.2454856,1862.933694,461.554603,2
819.2454856,1862.933694,461.554603,2
819.2454856,1862.933694,461.554603,2
819.2454856,1862.933694,461.554603,2
793.1945448,1834.00124,461.1920728,2
793.1945448,1834.00124,461.1920728,2
793.1945448,1834.00124,461.1920728,2
793.1945448,1834.00124,461.1920728,2
793.1945448,1834.00124,461.1920728,2
793.1945448,1834.00124,461.1920728,2
793.1945448,1834.00124,461.1920728,2
793.1945448,1834.00124,461.1920728,2
779.6526326,1825.60442,462.1047258,2
779.6526326,1825.60442,462.1047258,2
779.6526326,1825.60442,462.1047258,2
779.6526326,1825.60442,462.1047258,2
779.6526326,1825.60442,462.1047258,2
779.6526326,1825.60442,462.1047258,2
779.6526326,1825.60442,462.1047258,2
779.6526326,1825.60442,462.1047258,2
779.6526326,1825.60442,462.1047258,2
819.500095,1803.882612,463.0229221,2
819.500095,1803.882612,463.0229221,2
819.500095,1803.882612,463.0229221,2
819.500095,1803.882612,463.0229221,2
819.500095,1803.882612,463.0229221,2
819.500095,1803.882612,463.0229221,2
819.500095,1803.882612,463.0229221,2
819.500095,1803.882612,463.0229221,2
775.0110245,1816.321719,490.4567499,2
775.0110245,1816.321719,490.4567499,2
775.0110245,1816.321719,490.4567499,2
775.0110245,1816.321719,490.4567499,2
775.0110245,1816.321719,490.4567499,2
775.0110245,1816.321719,490.4567499,2
775.0110245,1816.321719,490.4567499,2
775.0110245,1816.321719,490.4567499,2
743.7088956,1866.038678,492.9615214,2
743.7088956,1866.038678,492.9615214,2
743.7088956,1866.038678,492.9615214,2
743.7088956,1866.038678,492.9615214,2
743.7088956,1866.038678,492.9615214,2
743.7088956,1866.038678,492.9615214,2
743.7088956,1866.038678,492.9615214,2
743.7088956,1866.038678,492.9615214,2
743.7088956,1866.038678,492.9615214,2
802.2740924,1830.880807,461.3639564,2
802.2740924,1830.880807,461.3639564,2
802.2740924,1830.880807,461.3639564,2
802.2740924,1830.880807,461.3639564,2
802.2740924,1830.880807,461.3639564,2
802.2740924,1830.880807,461.3639564,2
802.2740924,1830.880807,461.3639564,2
802.2740924,1830.880807,461.3639564,2
797.5823037,1859.973049,458.9915337,2
797.5823037,1859.973049,458.9915337,2
797.5823037,1859.973049,458.9915337,2
797.5823037,1859.973049,458.9915337,2
797.5823037,1859.973049,458.9915337,2
797.5823037,1859.973049,458.9915337,2
797.5823037,1859.973049,458.9915337,2
797.5823037,1859.973049,458.9915337,2
797.5823037,1859.973049,458.9915337,2
779.0402015,1852.64806,472.7525241,2
779.0402015,1852.64806,472.7525241,2
779.0402015,1852.64806,472.7525241,2
779.0402015,1852.64806,472.7525241,2
779.0402015,1852.64806,472.7525241,2
779.0402015,1852.64806,472.7525241,2
779.0402015,1852.64806,472.7525241,2
779.0402015,1852.64806,472.7525241,2
720.2520433,1872.940911,492.4606114,2
720.2520433,1872.940911,492.4606114,2
720.2520433,1872.940911,492.4606114,2
720.2520433,1872.940911,492.4606114,2
720.2520433,1872.940911,492.4606114,2
720.2520433,1872.940911,492.4606114,2
720.2520433,1872.940911,492.4606114,2
720.2520433,1872.940911,492.4606114,2
779.0402015,1801.056721,429.6838269,2
779.0402015,1801.056721,429.6838269,2
779.0402015,1801.056721,429.6838269,2
779.0402015,1801.056721,429.6838269,2
779.0402015,1801.056721,429.6838269,2
779.0402015,1801.056721,429.6838269,2
779.0402015,1801.056721,429.6838269,2
779.0402015,1801.056721,429.6838269,2
779.0402015,1801.056721,429.6838269,2
768.0784071,1803.882612,447.3229936,2
768.0784071,1803.882612,447.3229936,2
768.0784071,1803.882612,447.3229936,2
768.0784071,1803.882612,447.3229936,2
768.0784071,1803.882612,447.3229936,2
768.0784071,1803.882612,447.3229936,2
768.0784071,1803.882612,447.3229936,2
768.0784071,1803.882612,447.3229936,2
654.3935564,1875.127537,408.1068728,2
654.3935564,1875.127537,408.1068728,2
654.3935564,1875.127537,408.1068728,2
654.3935564,1875.127537,408.1068728,2
654.3935564,1875.127537,408.1068728,2
654.3935564,1875.127537,408.1068728,2
654.3935564,1875.127537,408.1068728,2
654.3935564,1875.127537,408.1068728,2
769.6702148,1841.530447,486.0829069,2
769.6702148,1841.530447,486.0829069,2
769.6702148,1841.530447,486.0829069,2
769.6702148,1841.530447,486.0829069,2
769.6702148,1841.530447,486.0829069,2
769.6702148,1841.530447,486.0829069,2
769.6702148,1841.530447,486.0829069,2
769.6702148,1841.530447,486.0829069,2
769.6702148,1841.530447,486.0829069,2
777.4664512,1803.99594,425.0036657,2
777.4664512,1803.99594,425.0036657,2
777.4664512,1803.99594,425.0036657,2
777.4664512,1803.99594,425.0036657,2
777.4664512,1803.99594,425.0036657,2
777.4664512,1803.99594,425.0036657,2
777.4664512,1803.99594,425.0036657,2
777.4664512,1803.99594,425.0036657,2
783.8245581,1834.553112,484.3773836,2
783.8245581,1834.553112,484.3773836,2
783.8245581,1834.553112,484.3773836,2
783.8245581,1834.553112,484.3773836,2
783.8245581,1834.553112,484.3773836,2
783.8245581,1834.553112,484.3773836,2
783.8245581,1834.553112,484.3773836,2
783.8245581,1834.553112,484.3773836,2
783.8245581,1834.553112,484.3773836,2
772.5168219,1034.104195,5.987535378,2
772.5168219,1034.104195,5.987535378,2
772.5168219,1034.104195,5.987535378,2
772.5168219,1034.104195,5.987535378,2
772.5168219,1034.104195,5.987535378,2
772.5168219,1034.104195,5.987535378,2
772.5168219,1034.104195,5.987535378,2
772.5168219,1034.104195,5.987535378,2
760.551321,1336.388363,146.8624752,2
760.551321,1336.388363,146.8624752,2
760.551321,1336.388363,146.8624752,2
760.551321,1336.388363,146.8624752,2
760.551321,1336.388363,146.8624752,2
760.551321,1336.388363,146.8624752,2
760.551321,1336.388363,146.8624752,2
760.551321,1336.388363,146.8624752,2
772.7208706,1487.672079,181.830615,2
772.7208706,1487.672079,181.830615,2
772.7208706,1487.672079,181.830615,2
772.7208706,1487.672079,181.830615,2
772.7208706,1487.672079,181.830615,2
772.7208706,1487.672079,181.830615,2
772.7208706,1487.672079,181.830615,2
772.7208706,1487.672079,181.830615,2
772.7208706,1487.672079,181.830615,2
764.6060635,1650.044768,335.8257911,2
764.6060635,1650.044768,335.8257911,2
764.6060635,1650.044768,335.8257911,2
764.6060635,1650.044768,335.8257911,2
1769.539441,1791.323974,-23.72501594,3
1769.539441,1791.323974,-23.72501594,3
1769.539441,1791.323974,-23.72501594,3
1692.946018,1703.051083,3.012175459,3
1692.946018,1703.051083,3.012175459,3
1692.946018,1703.051083,3.012175459,3
1692.946018,1703.051083,3.012175459,3
1692.946018,1703.051083,3.012175459,3
1692.946018,1703.051083,3.012175459,3
1692.946018,1703.051083,3.012175459,3
1692.946018,1703.051083,3.012175459,3
1692.946018,1703.051083,3.012175459,3
1675.894412,1698.458728,-10.38547248,3
1675.894412,1698.458728,-10.38547248,3
1675.894412,1698.458728,-10.38547248,3
1675.894412,1698.458728,-10.38547248,3
1675.894412,1698.458728,-10.38547248,3
1675.894412,1698.458728,-10.38547248,3
1675.894412,1698.458728,-10.38547248,3
1675.894412,1698.458728,-10.38547248,3
1731.435088,1717.80548,24.66063608,3
1731.435088,1717.80548,24.66063608,3
1731.435088,1717.80548,24.66063608,3
1731.435088,1717.80548,24.66063608,3
1731.435088,1717.80548,24.66063608,3
1731.435088,1717.80548,24.66063608,3
1731.435088,1717.80548,24.66063608,3
1731.435088,1717.80548,24.66063608,3
1709.686181,1728.959405,-26.35771744,3
1709.686181,1728.959405,-26.35771744,3
1709.686181,1728.959405,-26.35771744,3
1709.686181,1728.959405,-26.35771744,3
1709.686181,1728.959405,-26.35771744,3
1709.686181,1728.959405,-26.35771744,3
1709.686181,1728.959405,-26.35771744,3
1709.686181,1728.959405,-26.35771744,3
1709.686181,1728.959405,-26.35771744,3
1713.997909,1716.843595,6.181953536,3
1713.997909,1716.843595,6.181953536,3
1713.997909,1716.843595,6.181953536,3
1713.997909,1716.843595,6.181953536,3
1713.997909,1716.843595,6.181953536,3
1713.997909,1716.843595,6.181953536,3
1713.997909,1716.843595,6.181953536,3
1713.997909,1716.843595,6.181953536,3
1657.103307,1682.325327,37.12662706,3
1657.103307,1682.325327,37.12662706,3
1657.103307,1682.325327,37.12662706,3
1657.103307,1682.325327,37.12662706,3
1657.103307,1682.325327,37.12662706,3
1657.103307,1682.325327,37.12662706,3
1657.103307,1682.325327,37.12662706,3
1657.103307,1682.325327,37.12662706,3
1657.103307,1682.325327,37.12662706,3
1686.067858,1701.411028,48.55613597,3
1686.067858,1701.411028,48.55613597,3
1686.067858,1701.411028,48.55613597,3
1686.067858,1701.411028,48.55613597,3
1686.067858,1701.411028,48.55613597,3
1686.067858,1701.411028,48.55613597,3
1686.067858,1701.411028,48.55613597,3
1686.067858,1701.411028,48.55613597,3
1752.76763,1765.752368,12.56786275,3
1752.76763,1765.752368,12.56786275,3
1752.76763,1765.752368,12.56786275,3
1752.76763,1765.752368,12.56786275,3
1752.76763,1765.752368,12.56786275,3
1752.76763,1765.752368,12.56786275,3
1752.76763,1765.752368,12.56786275,3
1752.76763,1765.752368,12.56786275,3
1682.13353,1686.891746,55.63609121,3
1682.13353,1686.891746,55.63609121,3
1682.13353,1686.891746,55.63609121,3
1682.13353,1686.891746,55.63609121,3
1682.13353,1686.891746,55.63609121,3
1682.13353,1686.891746,55.63609121,3
1682.13353,1686.891746,55.63609121,3
1682.13353,1686.891746,55.63609121,3
1682.13353,1686.891746,55.63609121,3
1678.030127,1722.317997,56.94732075,3
1678.030127,1722.317997,56.94732075,3
1678.030127,1722.317997,56.94732075,3
1678.030127,1722.317997,56.94732075,3
1678.030127,1722.317997,56.94732075,3
1678.030127,1722.317997,56.94732075,3
1678.030127,1722.317997,56.94732075,3
1678.030127,1722.317997,56.94732075,3
1718.099316,1739.826455,4.621541986,3
1718.099316,1739.826455,4.621541986,3
1718.099316,1739.826455,4.621541986,3
1718.099316,1739.826455,4.621541986,3
1718.099316,1739.826455,4.621541986,3
1718.099316,1739.826455,4.621541986,3
1718.099316,1739.826455,4.621541986,3
1718.099316,1739.826455,4.621541986,3
1718.099316,1739.826455,4.621541986,3
1671.894127,1670.877876,-11.27994133,3
1671.894127,1670.877876,-11.27994133,3
1671.894127,1670.877876,-11.27994133,3
1671.894127,1670.877876,-11.27994133,3
1671.894127,1670.877876,-11.27994133,3
1671.894127,1670.877876,-11.27994133,3
1671.894127,1670.877876,-11.27994133,3
1671.894127,1670.877876,-11.27994133,3
1695.538586,1693.288566,56.11655621,3
1695.538586,1693.288566,56.11655621,3
1695.538586,1693.288566,56.11655621,3
1695.538586,1693.288566,56.11655621,3
1695.538586,1693.288566,56.11655621,3
1695.538586,1693.288566,56.11655621,3
1695.538586,1693.288566,56.11655621,3
1695.538586,1693.288566,56.11655621,3
1820.562346,1881.846076,6.778852355,3
1820.562346,1881.846076,6.778852355,3
1820.562346,1881.846076,6.778852355,3
1820.562346,1881.846076,6.778852355,3
1820.562346,1881.846076,6.778852355,3
1820.562346,1881.846076,6.778852355,3
1820.562346,1881.846076,6.778852355,3
1820.562346,1881.846076,6.778852355,3
1820.562346,1881.846076,6.778852355,3
1722.916936,1728.704105,45.12765385,3
1722.916936,1728.704105,45.12765385,3
1722.916936,1728.704105,45.12765385,3
1722.916936,1728.704105,45.12765385,3
1722.916936,1728.704105,45.12765385,3
1722.916936,1728.704105,45.12765385,3
1722.916936,1728.704105,45.12765385,3
1722.916936,1728.704105,45.12765385,3
1743.655769,1780.071719,28.38004066,3
1743.655769,1780.071719,28.38004066,3
1743.655769,1780.071719,28.38004066,3
1743.655769,1780.071719,28.38004066,3
1743.655769,1780.071719,28.38004066,3
1743.655769,1780.071719,28.38004066,3
1743.655769,1780.071719,28.38004066,3
1743.655769,1780.071719,28.38004066,3
1747.215548,1750.037551,10.94398597,3
1747.215548,1750.037551,10.94398597,3
1747.215548,1750.037551,10.94398597,3
1747.215548,1750.037551,10.94398597,3
1747.215548,1750.037551,10.94398597,3
1747.215548,1750.037551,10.94398597,3
1747.215548,1750.037551,10.94398597,3
1747.215548,1750.037551,10.94398597,3
1747.215548,1750.037551,10.94398597,3
1687.348603,1751.866599,-12.23240842,3
1687.348603,1751.866599,-12.23240842,3
1687.348603,1751.866599,-12.23240842,3
1687.348603,1751.866599,-12.23240842,3
1687.348603,1751.866599,-12.23240842,3
1687.348603,1751.866599,-12.23240842,3
1687.348603,1751.866599,-12.23240842,3
1687.348603,1751.866599,-12.23240842,3
1652.96265,1658.883739,57.19852018,3
1652.96265,1658.883739,57.19852018,3
1652.96265,1658.883739,57.19852018,3
1652.96265,1658.883739,57.19852018,3
1652.96265,1658.883739,57.19852018,3
1652.96265,1658.883739,57.19852018,3
1652.96265,1658.883739,57.19852018,3
1652.96265,1658.883739,57.19852018,3
1652.96265,1658.883739,57.19852018,3
1657.103307,1699.647722,48.08255648,3
1657.103307,1699.647722,48.08255648,3
1657.103307,1699.647722,48.08255648,3
1657.103307,1699.647722,48.08255648,3
1657.103307,1699.647722,48.08255648,3
1657.103307,1699.647722,48.08255648,3
1657.103307,1699.647722,48.08255648,3
1657.103307,1699.647722,48.08255648,3
1687.912659,1703.275485,38.81836041,3
1687.912659,1703.275485,38.81836041,3
1687.912659,1703.275485,38.81836041,3
1687.912659,1703.275485,38.81836041,3
1687.912659,1703.275485,38.81836041,3
1687.912659,1703.275485,38.81836041,3
1687.912659,1703.275485,38.81836041,3
1687.912659,1703.275485,38.81836041,3
1744.693594,1807.342806,-10.07464714,3
1744.693594,1807.342806,-10.07464714,3
1744.693594,1807.342806,-10.07464714,3
1744.693594,1807.342806,-10.07464714,3
1744.693594,1807.342806,-10.07464714,3
1744.693594,1807.342806,-10.07464714,3
1744.693594,1807.342806,-10.07464714,3
1744.693594,1807.342806,-10.07464714,3
1744.693594,1807.342806,-10.07464714,3
1693.947634,1735.903811,50.20853048,3
1693.947634,1735.903811,50.20853048,3
1693.947634,1735.903811,50.20853048,3
1693.947634,1735.903811,50.20853048,3
1693.947634,1735.903811,50.20853048,3
1693.947634,1735.903811,50.20853048,3
1693.947634,1735.903811,50.20853048,3
1693.947634,1735.903811,50.20853048,3
1636.628208,1644.481281,56.79744323,3
1636.628208,1644.481281,56.79744323,3
1636.628208,1644.481281,56.79744323,3
1636.628208,1644.481281,56.79744323,3
1636.628208,1644.481281,56.79744323,3
1636.628208,1644.481281,56.79744323,3
1636.628208,1644.481281,56.79744323,3
1636.628208,1644.481281,56.79744323,3
1636.628208,1644.481281,56.79744323,3
1658.595419,1708.813599,61.59350724,3
1658.595419,1708.813599,61.59350724,3
1658.595419,1708.813599,61.59350724,3
1658.595419,1708.813599,61.59350724,3
1658.595419,1708.813599,61.59350724,3
1658.595419,1708.813599,61.59350724,3
1658.595419,1708.813599,61.59350724,3
1658.595419,1708.813599,61.59350724,3
1697.518057,1732.276387,50.11303643,3
1697.518057,1732.276387,50.11303643,3
1697.518057,1732.276387,50.11303643,3
1697.518057,1732.276387,50.11303643,3
1697.518057,1732.276387,50.11303643,3
1697.518057,1732.276387,50.11303643,3
1697.518057,1732.276387,50.11303643,3
1697.518057,1732.276387,50.11303643,3
1740.577932,1763.708051,22.36824434,3
1740.577932,1763.708051,22.36824434,3
1740.577932,1763.708051,22.36824434,3
1740.577932,1763.708051,22.36824434,3
1740.577932,1763.708051,22.36824434,3
1740.577932,1763.708051,22.36824434,3
1740.577932,1763.708051,22.36824434,3
1740.577932,1763.708051,22.36824434,3
1740.577932,1763.708051,22.36824434,3
1671.894127,1680.099797,-5.630327161,3
1671.894127,1680.099797,-5.630327161,3
1671.894127,1680.099797,-5.630327161,3
1671.894127,1680.099797,-5.630327161,3
1671.894127,1680.099797,-5.630327161,3
1671.894127,1680.099797,-5.630327161,3
1671.894127,1680.099797,-5.630327161,3
1671.894127,1680.099797,-5.630327161,3
1690.455997,1682.974853,2.282855444,3
1690.455997,1682.974853,2.282855444,3
1690.455997,1682.974853,2.282855444,3
1690.455997,1682.974853,2.282855444,3
1690.455997,1682.974853,2.282855444,3
1690.455997,1682.974853,2.282855444,3
1690.455997,1682.974853,2.282855444,3
1690.455997,1682.974853,2.282855444,3
1690.455997,1682.974853,2.282855444,3
1696.996864,1713.173771,-6.797567143,3
1696.996864,1713.173771,-6.797567143,3
1696.996864,1713.173771,-6.797567143,3
1696.996864,1713.173771,-6.797567143,3
1696.996864,1713.173771,-6.797567143,3
1696.996864,1713.173771,-6.797567143,3
1696.996864,1713.173771,-6.797567143,3
1696.996864,1713.173771,-6.797567143,3
1669.318951,1668.753834,54.8874236,3
1669.318951,1668.753834,54.8874236,3
1669.318951,1668.753834,54.8874236,3
1669.318951,1668.753834,54.8874236,3
1669.318951,1668.753834,54.8874236,3
1669.318951,1668.753834,54.8874236,3
1669.318951,1668.753834,54.8874236,3
1669.318951,1668.753834,54.8874236,3
1764.637521,1786.810893,-36.6256619,3
1764.637521,1786.810893,-36.6256619,3
1764.637521,1786.810893,-36.6256619,3
1764.637521,1786.810893,-36.6256619,3
1764.637521,1786.810893,-36.6256619,3
1764.637521,1786.810893,-36.6256619,3
1764.637521,1786.810893,-36.6256619,3
1764.637521,1786.810893,-36.6256619,3
1764.637521,1786.810893,-36.6256619,3
1674.104353,1708.73207,64.544392,3
1674.104353,1708.73207,64.544392,3
1674.104353,1708.73207,64.544392,3
1674.104353,1708.73207,64.544392,3
1674.104353,1708.73207,64.544392,3
1674.104353,1708.73207,64.544392,3
1674.104353,1708.73207,64.544392,3
1674.104353,1708.73207,64.544392,3
1674.686276,1717.866373,77.59907455,3
1674.686276,1717.866373,77.59907455,3
1674.686276,1717.866373,77.59907455,3
1674.686276,1717.866373,77.59907455,3
1674.686276,1717.866373,77.59907455,3
1674.686276,1717.866373,77.59907455,3
1674.686276,1717.866373,77.59907455,3
1674.686276,1717.866373,77.59907455,3
1674.686276,1717.866373,77.59907455,3
1705.998955,1699.446549,15.62100446,3
1705.998955,1699.446549,15.62100446,3
1705.998955,1699.446549,15.62100446,3
1705.998955,1699.446549,15.62100446,3
1705.998955,1699.446549,15.62100446,3
1705.998955,1699.446549,15.62100446,3
1705.998955,1699.446549,15.62100446,3
1705.998955,1699.446549,15.62100446,3
1719.155389,1720.709517,-18.94718188,3
1719.155389,1720.709517,-18.94718188,3
1719.155389,1720.709517,-18.94718188,3
1719.155389,1720.709517,-18.94718188,3
1719.155389,1720.709517,-18.94718188,3
1719.155389,1720.709517,-18.94718188,3
1719.155389,1720.709517,-18.94718188,3
1719.155389,1720.709517,-18.94718188,3
1742.666128,1770.624267,-23.30283477,3
1742.666128,1770.624267,-23.30283477,3
1742.666128,1770.624267,-23.30283477,3
1742.666128,1770.624267,-23.30283477,3
1742.666128,1770.624267,-23.30283477,3
1742.666128,1770.624267,-23.30283477,3
1742.666128,1770.624267,-23.30283477,3
1742.666128,1770.624267,-23.30283477,3
1742.666128,1770.624267,-23.30283477,3
1698.960844,1701.346414,0.357457189,3
1698.960844,1701.346414,0.357457189,3
1698.960844,1701.346414,0.357457189,3
1698.960844,1701.346414,0.357457189,3
1698.960844,1701.346414,0.357457189,3
1698.960844,1701.346414,0.357457189,3
1698.960844,1701.346414,0.357457189,3
1698.960844,1701.346414,0.357457189,3
1743.386238,1773.064614,4.493448486,3
1743.386238,1773.064614,4.493448486,3
1743.386238,1773.064614,4.493448486,3
1743.386238,1773.064614,4.493448486,3
1743.386238,1773.064614,4.493448486,3
1743.386238,1773.064614,4.493448486,3
1743.386238,1773.064614,4.493448486,3
1743.386238,1773.064614,4.493448486,3
1759.63467,1778.84788,-7.042805441,3
1759.63467,1778.84788,-7.042805441,3
1759.63467,1778.84788,-7.042805441,3
1759.63467,1778.84788,-7.042805441,3
1759.63467,1778.84788,-7.042805441,3
1759.63467,1778.84788,-7.042805441,3
1759.63467,1778.84788,-7.042805441,3
1759.63467,1778.84788,-7.042805441,3
1759.63467,1778.84788,-7.042805441,3
1710.946683,1717.80548,11.57569841,3
1710.946683,1717.80548,11.57569841,3
1710.946683,1717.80548,11.57569841,3
1710.946683,1717.80548,11.57569841,3
1710.946683,1717.80548,11.57569841,3
1710.946683,1717.80548,11.57569841,3
1710.946683,1717.80548,11.57569841,3
1710.946683,1717.80548,11.57569841,3
1706.608344,1785.472598,15.02538018,3
1706.608344,1785.472598,15.02538018,3
1706.608344,1785.472598,15.02538018,3
1706.608344,1785.472598,15.02538018,3
1706.608344,1785.472598,15.02538018,3
1706.608344,1785.472598,15.02538018,3
1706.608344,1785.472598,15.02538018,3
1706.608344,1785.472598,15.02538018,3
1706.608344,1785.472598,15.02538018,3
1743.055028,1736.16926,18.2581614,3
1743.055028,1736.16926,18.2581614,3
1743.055028,1736.16926,18.2581614,3
1743.055028,1736.16926,18.2581614,3
1743.055028,1736.16926,18.2581614,3
1743.055028,1736.16926,18.2581614,3
1743.055028,1736.16926,18.2581614,3
1743.055028,1736.16926,18.2581614,3
1676.324843,1734.225981,-6.238682352,3
1676.324843,1734.225981,-6.238682352,3
1676.324843,1734.225981,-6.238682352,3
1676.324843,1734.225981,-6.238682352,3
1676.324843,1734.225981,-6.238682352,3
1676.324843,1734.225981,-6.238682352,3
1676.324843,1734.225981,-6.238682352,3
1676.324843,1734.225981,-6.238682352,3
1705.001426,1675.491655,12.08876131,3
1705.001426,1675.491655,12.08876131,3
1705.001426,1675.491655,12.08876131,3
1705.001426,1675.491655,12.08876131,3
1705.001426,1675.491655,12.08876131,3
1705.001426,1675.491655,12.08876131,3
1705.001426,1675.491655,12.08876131,3
1705.001426,1675.491655,12.08876131,3
1705.001426,1675.491655,12.08876131,3
1691.364189,1758.966622,13.67543539,3
1691.364189,1758.966622,13.67543539,3
1691.364189,1758.966622,13.67543539,3
1691.364189,1758.966622,13.67543539,3
1691.364189,1758.966622,13.67543539,3
1691.364189,1758.966622,13.67543539,3
1691.364189,1758.966622,13.67543539,3
1691.364189,1758.966622,13.67543539,3
1733.638282,1744.729364,-6.613764794,3
1733.638282,1744.729364,-6.613764794,3
1733.638282,1744.729364,-6.613764794,3
1733.638282,1744.729364,-6.613764794,3
1733.638282,1744.729364,-6.613764794,3
1733.638282,1744.729364,-6.613764794,3
1733.638282,1744.729364,-6.613764794,3
1733.638282,1744.729364,-6.613764794,3
1671.894127,1688.380244,-0.515971754,3
1671.894127,1688.380244,-0.515971754,3
1671.894127,1688.380244,-0.515971754,3
1671.894127,1688.380244,-0.515971754,3
1671.894127,1688.380244,-0.515971754,3
1671.894127,1688.380244,-0.515971754,3
1671.894127,1688.380244,-0.515971754,3
1671.894127,1688.380244,-0.515971754,3
1671.894127,1688.380244,-0.515971754,3
1696.527086,1698.458728,2.370103414,3
1696.527086,1698.458728,2.370103414,3
1696.527086,1698.458728,2.370103414,3
1696.527086,1698.458728,2.370103414,3
1696.527086,1698.458728,2.370103414,3
1696.527086,1698.458728,2.370103414,3
1696.527086,1698.458728,2.370103414,3
1696.527086,1698.458728,2.370103414,3
1707.502946,1716.074087,-3.756067305,3
1707.502946,1716.074087,-3.756067305,3
1707.502946,1716.074087,-3.756067305,3
1707.502946,1716.074087,-3.756067305,3
1707.502946,1716.074087,-3.756067305,3
1707.502946,1716.074087,-3.756067305,3
1707.502946,1716.074087,-3.756067305,3
1707.502946,1716.074087,-3.756067305,3
1707.502946,1716.074087,-3.756067305,3
1742.666128,1804.315629,-1.130687611,3
1742.666128,1804.315629,-1.130687611,3
1742.666128,1804.315629,-1.130687611,3
1742.666128,1804.315629,-1.130687611,3
1742.666128,1804.315629,-1.130687611,3
1742.666128,1804.315629,-1.130687611,3
1742.666128,1804.315629,-1.130687611,3
1742.666128,1804.315629,-1.130687611,3
1757.029652,1800.451173,-25.78311189,3
1757.029652,1800.451173,-25.78311189,3
1757.029652,1800.451173,-25.78311189,3
1757.029652,1800.451173,-25.78311189,3
1757.029652,1800.451173,-25.78311189,3
1757.029652,1800.451173,-25.78311189,3
1757.029652,1800.451173,-25.78311189,3
1757.029652,1800.451173,-25.78311189,3
1726.137046,1727.010487,1.526800567,3
1726.137046,1727.010487,1.526800567,3
1726.137046,1727.010487,1.526800567,3
1726.137046,1727.010487,1.526800567,3
1726.137046,1727.010487,1.526800567,3
1726.137046,1727.010487,1.526800567,3
1726.137046,1727.010487,1.526800567,3
1726.137046,1727.010487,1.526800567,3
1726.137046,1727.010487,1.526800567,3
1688.495913,1752.598218,-5.690688453,3
1688.495913,1752.598218,-5.690688453,3
1688.495913,1752.598218,-5.690688453,3
1688.495913,1752.598218,-5.690688453,3
1688.495913,1752.598218,-5.690688453,3
1688.495913,1752.598218,-5.690688453,3
1688.495913,1752.598218,-5.690688453,3
1688.495913,1752.598218,-5.690688453,3
1712.501236,1764.606788,11.75658483,3
1712.501236,1764.606788,11.75658483,3
1712.501236,1764.606788,11.75658483,3
1712.501236,1764.606788,11.75658483,3
1712.501236,1764.606788,11.75658483,3
1712.501236,1764.606788,11.75658483,3
1712.501236,1764.606788,11.75658483,3
1712.501236,1764.606788,11.75658483,3
1672.809827,1723.37438,-27.23004934,3
1672.809827,1723.37438,-27.23004934,3
1672.809827,1723.37438,-27.23004934,3
1672.809827,1723.37438,-27.23004934,3
1672.809827,1723.37438,-27.23004934,3
1672.809827,1723.37438,-27.23004934,3
1672.809827,1723.37438,-27.23004934,3
1672.809827,1723.37438,-27.23004934,3
1672.809827,1723.37438,-27.23004934,3
1731.665178,1776.419824,25.00561652,3
1731.665178,1776.419824,25.00561652,3
1731.665178,1776.419824,25.00561652,3
1731.665178,1776.419824,25.00561652,3
1731.665178,1776.419824,25.00561652,3
1731.665178,1776.419824,25.00561652,3
1731.665178,1776.419824,25.00561652,3
1731.665178,1776.419824,25.00561652,3
1688.032883,1718.585589,28.52768355,3
1688.032883,1718.585589,28.52768355,3
1688.032883,1718.585589,28.52768355,3
1688.032883,1718.585589,28.52768355,3
1688.032883,1718.585589,28.52768355,3
1688.032883,1718.585589,28.52768355,3
1688.032883,1718.585589,28.52768355,3
1688.032883,1718.585589,28.52768355,3
1688.032883,1718.585589,28.52768355,3
1698.960844,1748.831304,30.72859693,3
1698.960844,1748.831304,30.72859693,3
1698.960844,1748.831304,30.72859693,3
1698.960844,1748.831304,30.72859693,3
1698.960844,1748.831304,30.72859693,3
1698.960844,1748.831304,30.72859693,3
1698.960844,1748.831304,30.72859693,3
1698.960844,1748.831304,30.72859693,3
1690.899164,1666.260262,-26.21300158,3
1690.899164,1666.260262,-26.21300158,3
1690.899164,1666.260262,-26.21300158,3
1690.899164,1666.260262,-26.21300158,3
1690.899164,1666.260262,-26.21300158,3
1690.899164,1666.260262,-26.21300158,3
1690.899164,1666.260262,-26.21300158,3
1690.899164,1666.260262,-26.21300158,3
1760.784452,1810.97023,2.748279073,3
1760.784452,1810.97023,2.748279073,3
1760.784452,1810.97023,2.748279073,3
1760.784452,1810.97023,2.748279073,3
1760.784452,1810.97023,2.748279073,3
1760.784452,1810.97023,2.748279073,3
1499.686942,3028.653924,426.1391055,4
1499.686942,3028.653924,426.1391055,4
1499.686942,3028.653924,426.1391055,4
1471.824748,3011.427267,374.7050746,4
1471.824748,3011.427267,374.7050746,4
1471.824748,3011.427267,374.7050746,4
1471.824748,3011.427267,374.7050746,4
1471.824748,3011.427267,374.7050746,4
1471.824748,3011.427267,374.7050746,4
1471.824748,3011.427267,374.7050746,4
1471.824748,3011.427267,374.7050746,4
1471.824748,3011.427267,374.7050746,4
1477.214028,2971.701849,417.9015701,4
1477.214028,2971.701849,417.9015701,4
1477.214028,2971.701849,417.9015701,4
1477.214028,2971.701849,417.9015701,4
1477.214028,2971.701849,417.9015701,4
1477.214028,2971.701849,417.9015701,4
1477.214028,2971.701849,417.9015701,4
1477.214028,2971.701849,417.9015701,4
1544.085345,2993.920162,423.191028,4
1544.085345,2993.920162,423.191028,4
1544.085345,2993.920162,423.191028,4
1544.085345,2993.920162,423.191028,4
1544.085345,2993.920162,423.191028,4
1544.085345,2993.920162,423.191028,4
1544.085345,2993.920162,423.191028,4
1544.085345,2993.920162,423.191028,4
1509.2816,2994.797474,392.0127566,4
1509.2816,2994.797474,392.0127566,4
1509.2816,2994.797474,392.0127566,4
1509.2816,2994.797474,392.0127566,4
1509.2816,2994.797474,392.0127566,4
1509.2816,2994.797474,392.0127566,4
1509.2816,2994.797474,392.0127566,4
1509.2816,2994.797474,392.0127566,4
1509.2816,2994.797474,392.0127566,4
1494.761262,3023.77041,406.662361,4
1494.761262,3023.77041,406.662361,4
1494.761262,3023.77041,406.662361,4
1494.761262,3023.77041,406.662361,4
1494.761262,3023.77041,406.662361,4
1494.761262,3023.77041,406.662361,4
1494.761262,3023.77041,406.662361,4
1494.761262,3023.77041,406.662361,4
1475.848413,3003.785408,417.9386457,4
1475.848413,3003.785408,417.9386457,4
1475.848413,3003.785408,417.9386457,4
1475.848413,3003.785408,417.9386457,4
1475.848413,3003.785408,417.9386457,4
1475.848413,3003.785408,417.9386457,4
1475.848413,3003.785408,417.9386457,4
1475.848413,3003.785408,417.9386457,4
1475.848413,3003.785408,417.9386457,4
1493.900494,2985.766915,430.0951272,4
1493.900494,2985.766915,430.0951272,4
1493.900494,2985.766915,430.0951272,4
1493.900494,2985.766915,430.0951272,4
1493.900494,2985.766915,430.0951272,4
1493.900494,2985.766915,430.0951272,4
1493.900494,2985.766915,430.0951272,4
1493.900494,2985.766915,430.0951272,4
1474.555598,3036.978236,403.132825,4
1474.555598,3036.978236,403.132825,4
1474.555598,3036.978236,403.132825,4
1474.555598,3036.978236,403.132825,4
1474.555598,3036.978236,403.132825,4
1474.555598,3036.978236,403.132825,4
1474.555598,3036.978236,403.132825,4
1474.555598,3036.978236,403.132825,4
1468.984699,3032.329161,463.8818843,4
1468.984699,3032.329161,463.8818843,4
1468.984699,3032.329161,463.8818843,4
1468.984699,3032.329161,463.8818843,4
1468.984699,3032.329161,463.8818843,4
1468.984699,3032.329161,463.8818843,4
1468.984699,3032.329161,463.8818843,4
1468.984699,3032.329161,463.8818843,4
1468.984699,3032.329161,463.8818843,4
1539.858962,2978.822846,399.1875273,4
1539.858962,2978.822846,399.1875273,4
1539.858962,2978.822846,399.1875273,4
1539.858962,2978.822846,399.1875273,4
1539.858962,2978.822846,399.1875273,4
1539.858962,2978.822846,399.1875273,4
1539.858962,2978.822846,399.1875273,4
1539.858962,2978.822846,399.1875273,4
1515.082779,2992.175913,392.1566413,4
1515.082779,2992.175913,392.1566413,4
1515.082779,2992.175913,392.1566413,4
1515.082779,2992.175913,392.1566413,4
1515.082779,2992.175913,392.1566413,4
1515.082779,2992.175913,392.1566413,4
1515.082779,2992.175913,392.1566413,4
1515.082779,2992.175913,392.1566413,4
1515.082779,2992.175913,392.1566413,4
1443.516822,3040.855661,407.5640467,4
1443.516822,3040.855661,407.5640467,4
1443.516822,3040.855661,407.5640467,4
1443.516822,3040.855661,407.5640467,4
1443.516822,3040.855661,407.5640467,4
1443.516822,3040.855661,407.5640467,4
1443.516822,3040.855661,407.5640467,4
1443.516822,3040.855661,407.5640467,4
1477.273237,2990.713577,435.5085112,4
1477.273237,2990.713577,435.5085112,4
1477.273237,2990.713577,435.5085112,4
1477.273237,2990.713577,435.5085112,4
1477.273237,2990.713577,435.5085112,4
1477.273237,2990.713577,435.5085112,4
1477.273237,2990.713577,435.5085112,4
1477.273237,2990.713577,435.5085112,4
1466.641133,3045.503383,445.7585261,4
1466.641133,3045.503383,445.7585261,4
1466.641133,3045.503383,445.7585261,4
1466.641133,3045.503383,445.7585261,4
1466.641133,3045.503383,445.7585261,4
1466.641133,3045.503383,445.7585261,4
1466.641133,3045.503383,445.7585261,4
1466.641133,3045.503383,445.7585261,4
1466.641133,3045.503383,445.7585261,4
1499.246626,3004.684145,425.1761977,4
1499.246626,3004.684145,425.1761977,4
1499.246626,3004.684145,425.1761977,4
1499.246626,3004.684145,425.1761977,4
1499.246626,3004.684145,425.1761977,4
1499.246626,3004.684145,425.1761977,4
1499.246626,3004.684145,425.1761977,4
1499.246626,3004.684145,425.1761977,4
1443.677723,3003.051421,371.0846608,4
1443.677723,3003.051421,371.0846608,4
1443.677723,3003.051421,371.0846608,4
1443.677723,3003.051421,371.0846608,4
1443.677723,3003.051421,371.0846608,4
1443.677723,3003.051421,371.0846608,4
1443.677723,3003.051421,371.0846608,4
1443.677723,3003.051421,371.0846608,4
1456.51302,3008.599797,429.0463704,4
1456.51302,3008.599797,429.0463704,4
1456.51302,3008.599797,429.0463704,4
1456.51302,3008.599797,429.0463704,4
1456.51302,3008.599797,429.0463704,4
1456.51302,3008.599797,429.0463704,4
1456.51302,3008.599797,429.0463704,4
1456.51302,3008.599797,429.0463704,4
1456.51302,3008.599797,429.0463704,4
1468.770576,3014.369418,445.1951494,4
1468.770576,3014.369418,445.1951494,4
1468.770576,3014.369418,445.1951494,4
1468.770576,3014.369418,445.1951494,4
1468.770576,3014.369418,445.1951494,4
1468.770576,3014.369418,445.1951494,4
1468.770576,3014.369418,445.1951494,4
1468.770576,3014.369418,445.1951494,4
1460.134955,3013.813261,405.4828089,4
1460.134955,3013.813261,405.4828089,4
1460.134955,3013.813261,405.4828089,4
1460.134955,3013.813261,405.4828089,4
1460.134955,3013.813261,405.4828089,4
1460.134955,3013.813261,405.4828089,4
1460.134955,3013.813261,405.4828089,4
1460.134955,3013.813261,405.4828089,4
1460.134955,3013.813261,405.4828089,4
1505.264588,2996.376635,375.1436918,4
1505.264588,2996.376635,375.1436918,4
1505.264588,2996.376635,375.1436918,4
1505.264588,2996.376635,375.1436918,4
1505.264588,2996.376635,375.1436918,4
1505.264588,2996.376635,375.1436918,4
1505.264588,2996.376635,375.1436918,4
1505.264588,2996.376635,375.1436918,4
1435.696731,2992.98286,428.8264066,4
1435.696731,2992.98286,428.8264066,4
1435.696731,2992.98286,428.8264066,4
1435.696731,2992.98286,428.8264066,4
1435.696731,2992.98286,428.8264066,4
1435.696731,2992.98286,428.8264066,4
1435.696731,2992.98286,428.8264066,4
1435.696731,2992.98286,428.8264066,4
1492.179434,2990.648286,384.3404416,4
1492.179434,2990.648286,384.3404416,4
1492.179434,2990.648286,384.3404416,4
1492.179434,2990.648286,384.3404416,4
1492.179434,2990.648286,384.3404416,4
1492.179434,2990.648286,384.3404416,4
1492.179434,2990.648286,384.3404416,4
1492.179434,2990.648286,384.3404416,4
1492.179434,2990.648286,384.3404416,4
1444.438795,3005.230943,444.3997229,4
1444.438795,3005.230943,444.3997229,4
1444.438795,3005.230943,444.3997229,4
1444.438795,3005.230943,444.3997229,4
1444.438795,3005.230943,444.3997229,4
1444.438795,3005.230943,444.3997229,4
1444.438795,3005.230943,444.3997229,4
1444.438795,3005.230943,444.3997229,4
1441.691123,2998.830401,433.5126397,4
1441.691123,2998.830401,433.5126397,4
1441.691123,2998.830401,433.5126397,4
1441.691123,2998.830401,433.5126397,4
1441.691123,2998.830401,433.5126397,4
1441.691123,2998.830401,433.5126397,4
1441.691123,2998.830401,433.5126397,4
1441.691123,2998.830401,433.5126397,4
1441.691123,2998.830401,433.5126397,4
1433.533644,3026.036423,406.1351889,4
1433.533644,3026.036423,406.1351889,4
1433.533644,3026.036423,406.1351889,4
1433.533644,3026.036423,406.1351889,4
1433.533644,3026.036423,406.1351889,4
1433.533644,3026.036423,406.1351889,4
1433.533644,3026.036423,406.1351889,4
1433.533644,3026.036423,406.1351889,4
1438.991542,3017.667569,423.4845227,4
1438.991542,3017.667569,423.4845227,4
1438.991542,3017.667569,423.4845227,4
1438.991542,3017.667569,423.4845227,4
1438.991542,3017.667569,423.4845227,4
1438.991542,3017.667569,423.4845227,4
1438.991542,3017.667569,423.4845227,4
1438.991542,3017.667569,423.4845227,4
1499.680384,2983.170613,430.2301566,4
1499.680384,2983.170613,430.2301566,4
1499.680384,2983.170613,430.2301566,4
1499.680384,2983.170613,430.2301566,4
1499.680384,2983.170613,430.2301566,4
1499.680384,2983.170613,430.2301566,4
1499.680384,2983.170613,430.2301566,4
1499.680384,2983.170613,430.2301566,4
1499.680384,2983.170613,430.2301566,4
1444.068903,2993.042851,366.5821388,4
1444.068903,2993.042851,366.5821388,4
1444.068903,2993.042851,366.5821388,4
1444.068903,2993.042851,366.5821388,4
1444.068903,2993.042851,366.5821388,4
1444.068903,2993.042851,366.5821388,4
1444.068903,2993.042851,366.5821388,4
1444.068903,2993.042851,366.5821388,4
1449.833207,3049.312923,397.6681536,4
1449.833207,3049.312923,397.6681536,4
1449.833207,3049.312923,397.6681536,4
1449.833207,3049.312923,397.6681536,4
1449.833207,3049.312923,397.6681536,4
1449.833207,3049.312923,397.6681536,4
1449.833207,3049.312923,397.6681536,4
1449.833207,3049.312923,397.6681536,4
1475.008649,2990.648286,373.435397,4
1475.008649,2990.648286,373.435397,4
1475.008649,2990.648286,373.435397,4
1475.008649,2990.648286,373.435397,4
1475.008649,2990.648286,373.435397,4
1475.008649,2990.648286,373.435397,4
1475.008649,2990.648286,373.435397,4
1475.008649,2990.648286,373.435397,4
1475.008649,2990.648286,373.435397,4
1471.826744,2953.395129,389.1312824,4
1471.826744,2953.395129,389.1312824,4
1471.826744,2953.395129,389.1312824,4
1471.826744,2953.395129,389.1312824,4
1471.826744,2953.395129,389.1312824,4
1471.826744,2953.395129,389.1312824,4
