x,y,z
2195 ,2101 ,775 
2195 ,2101 ,775 
2195 ,2101 ,775 
2195 ,2101 ,775 
2195 ,2101 ,775 
2198 ,2136 ,765 
2198 ,2136 ,765 
2198 ,2136 ,765 
2198 ,2136 ,765 
2198 ,2136 ,765 
2198 ,2136 ,765 
2198 ,2136 ,765 
2198 ,2136 ,765 
2109 ,2126 ,686 
2109 ,2126 ,686 
2109 ,2126 ,686 
2109 ,2126 ,686 
2109 ,2126 ,686 
2109 ,2126 ,686 
2109 ,2126 ,686 
2109 ,2126 ,686 
2150 ,2110 ,715 
2150 ,2110 ,715 
2150 ,2110 ,715 
2150 ,2110 ,715 
2150 ,2110 ,715 
2150 ,2110 ,715 
2150 ,2110 ,715 
2150 ,2110 ,715 
2150 ,2110 ,715 
2203 ,2105 ,755 
2203 ,2105 ,755 
2203 ,2105 ,755 
2203 ,2105 ,755 
2203 ,2105 ,755 
2203 ,2105 ,755 
2203 ,2105 ,755 
2203 ,2105 ,755 
2189 ,2077 ,751 
2189 ,2077 ,751 
2189 ,2077 ,751 
2189 ,2077 ,751 
2189 ,2077 ,751 
2189 ,2077 ,751 
2189 ,2077 ,751 
2189 ,2077 ,751 
2189 ,2077 ,751 
2163 ,2095 ,776 
2163 ,2095 ,776 
2163 ,2095 ,776 
2163 ,2095 ,776 
2163 ,2095 ,776 
2163 ,2095 ,776 
2163 ,2095 ,776 
2163 ,2095 ,776 
2163 ,2095 ,776 
2163 ,2095 ,776 
2163 ,2095 ,776 
2163 ,2095 ,776 
2163 ,2095 ,776 
2163 ,2095 ,776 
2163 ,2095 ,776 
2163 ,2095 ,776 
2118 ,2104 ,688 
2118 ,2104 ,688 
2118 ,2104 ,688 
2118 ,2104 ,688 
2118 ,2104 ,688 
2118 ,2104 ,688 
2118 ,2104 ,688 
2118 ,2104 ,688 
2118 ,2104 ,688 
2231 ,2098 ,761 
2231 ,2098 ,761 
2231 ,2098 ,761 
2231 ,2098 ,761 
2231 ,2098 ,761 
2231 ,2098 ,761 
2231 ,2098 ,761 
2231 ,2098 ,761 
2131 ,2092 ,683 
2131 ,2092 ,683 
2131 ,2092 ,683 
2131 ,2092 ,683 
2131 ,2092 ,683 
2131 ,2092 ,683 
2131 ,2092 ,683 
2131 ,2092 ,683 
2131 ,2092 ,683 
2153 ,2093 ,736 
2153 ,2093 ,736 
2153 ,2093 ,736 
2153 ,2093 ,736 
2153 ,2093 ,736 
2153 ,2093 ,736 
2153 ,2093 ,736 
2153 ,2093 ,736 
2142 ,2084 ,666 
2142 ,2084 ,666 
2142 ,2084 ,666 
2142 ,2084 ,666 
2142 ,2084 ,666 
2142 ,2084 ,666 
2142 ,2084 ,666 
2142 ,2084 ,666 
2126 ,2095 ,662 
2126 ,2095 ,662 
2126 ,2095 ,662 
2126 ,2095 ,662 
2126 ,2095 ,662 
2126 ,2095 ,662 
2126 ,2095 ,662 
2126 ,2095 ,662 
2126 ,2095 ,662 
2140 ,2058 ,663 
2140 ,2058 ,663 
2140 ,2058 ,663 
2140 ,2058 ,663 
2140 ,2058 ,663 
2140 ,2058 ,663 
2140 ,2058 ,663 
2140 ,2058 ,663 
2122 ,2077 ,673 
2122 ,2077 ,673 
2122 ,2077 ,673 
2122 ,2077 ,673 
2122 ,2077 ,673 
2122 ,2077 ,673 
2122 ,2077 ,673 
2122 ,2077 ,673 
2122 ,2077 ,673 
2144 ,2105 ,686 
2144 ,2105 ,686 
2144 ,2105 ,686 
2144 ,2105 ,686 
2144 ,2105 ,686 
2144 ,2105 ,686 
2144 ,2105 ,686 
2144 ,2105 ,686 
2142 ,2105 ,665 
2142 ,2105 ,665 
2142 ,2105 ,665 
2142 ,2105 ,665 
2142 ,2105 ,665 
2142 ,2105 ,665 
2142 ,2105 ,665 
2142 ,2105 ,665 
2162 ,2077 ,700 
2162 ,2077 ,700 
2162 ,2077 ,700 
2162 ,2077 ,700 
2162 ,2077 ,700 
2162 ,2077 ,700 
2162 ,2077 ,700 
2162 ,2077 ,700 
2162 ,2077 ,700 
2136 ,2059 ,685 
2136 ,2059 ,685 
2136 ,2059 ,685 
2136 ,2059 ,685 
2136 ,2059 ,685 
2136 ,2059 ,685 
2136 ,2059 ,685 
2136 ,2059 ,685 
2144 ,2074 ,684 
2144 ,2074 ,684 
2144 ,2074 ,684 
2144 ,2074 ,684 
2144 ,2074 ,684 
2144 ,2074 ,684 
2144 ,2074 ,684 
2144 ,2074 ,684 
2149 ,2097 ,655 
2149 ,2097 ,655 
2149 ,2097 ,655 
2149 ,2097 ,655 
2149 ,2097 ,655 
2149 ,2097 ,655 
2149 ,2097 ,655 
2149 ,2097 ,655 
2149 ,2097 ,655 
2147 ,2117 ,693 
2147 ,2117 ,693 
2147 ,2117 ,693 
1726 ,3782 ,598 
1728 ,3739 ,517 
1728 ,3739 ,517 
1728 ,3739 ,517 
1728 ,3739 ,517 
1728 ,3739 ,517 
1728 ,3739 ,517 
1728 ,3739 ,517 
1728 ,3739 ,517 
1728 ,3739 ,517 
1746 ,3754 ,517 
1746 ,3754 ,517 
1746 ,3754 ,517 
1746 ,3754 ,517 
1746 ,3754 ,517 
1746 ,3754 ,517 
1746 ,3754 ,517 
1746 ,3754 ,517 
1738 ,3727 ,555 
1738 ,3727 ,555 
1738 ,3727 ,555 
1738 ,3727 ,555 
1738 ,3727 ,555 
1738 ,3727 ,555 
1738 ,3727 ,555 
1738 ,3727 ,555 
1701 ,3712 ,552 
1701 ,3712 ,552 
1701 ,3712 ,552 
1701 ,3712 ,552 
1701 ,3712 ,552 
1701 ,3712 ,552 
1701 ,3712 ,552 
1701 ,3712 ,552 
1701 ,3712 ,552 
1737 ,3782 ,574 
1737 ,3782 ,574 
1737 ,3782 ,574 
1737 ,3782 ,574 
1737 ,3782 ,574 
1737 ,3782 ,574 
1737 ,3782 ,574 
1737 ,3782 ,574 
1650 ,3768 ,499 
1650 ,3768 ,499 
1650 ,3768 ,499 
1650 ,3768 ,499 
1650 ,3768 ,499 
1650 ,3768 ,499 
1650 ,3768 ,499 
1650 ,3768 ,499 
1697 ,3699 ,523 
1697 ,3699 ,523 
1697 ,3699 ,523 
1697 ,3699 ,523 
1697 ,3699 ,523 
1697 ,3699 ,523 
1697 ,3699 ,523 
1697 ,3699 ,523 
1697 ,3699 ,523 
1721 ,3756 ,554 
1721 ,3756 ,554 
1721 ,3756 ,554 
1721 ,3756 ,554 
1721 ,3756 ,554 
1721 ,3756 ,554 
1721 ,3756 ,554 
1721 ,3756 ,554 
1739 ,3785 ,581 
1739 ,3785 ,581 
1739 ,3785 ,581 
1739 ,3785 ,581 
1739 ,3785 ,581 
1739 ,3785 ,581 
1739 ,3785 ,581 
1739 ,3785 ,581 
1739 ,3785 ,581 
1682 ,3734 ,547 
1682 ,3734 ,547 
1682 ,3734 ,547 
1682 ,3734 ,547 
1682 ,3734 ,547 
1682 ,3734 ,547 
1682 ,3734 ,547 
1682 ,3734 ,547 
1745 ,3719 ,546 
1745 ,3719 ,546 
1745 ,3719 ,546 
1745 ,3719 ,546 
1745 ,3719 ,546 
1745 ,3719 ,546 
1745 ,3719 ,546 
1745 ,3719 ,546 
1691 ,3755 ,518 
1691 ,3755 ,518 
1691 ,3755 ,518 
1691 ,3755 ,518 
1691 ,3755 ,518 
1691 ,3755 ,518 
1691 ,3755 ,518 
1691 ,3755 ,518 
1691 ,3755 ,518 
1730 ,3736 ,513 
1730 ,3736 ,513 
1730 ,3736 ,513 
1730 ,3736 ,513 
1730 ,3736 ,513 
1730 ,3736 ,513 
1730 ,3736 ,513 
1730 ,3736 ,513 
1669 ,3744 ,556 
1669 ,3744 ,556 
1669 ,3744 ,556 
1669 ,3744 ,556 
1669 ,3744 ,556 
1669 ,3744 ,556 
1669 ,3744 ,556 
1669 ,3744 ,556 
1687 ,3692 ,513 
1687 ,3692 ,513 
1687 ,3692 ,513 
1687 ,3692 ,513 
1687 ,3692 ,513 
1687 ,3692 ,513 
1687 ,3692 ,513 
1687 ,3692 ,513 
1687 ,3692 ,513 
1728 ,3733 ,571 
1728 ,3733 ,571 
1728 ,3733 ,571 
1728 ,3733 ,571 
1728 ,3733 ,571 
1728 ,3733 ,571 
1728 ,3733 ,571 
1728 ,3733 ,571 
1751 ,3752 ,581 
1751 ,3752 ,581 
1751 ,3752 ,581 
1751 ,3752 ,581 
1751 ,3752 ,581 
1751 ,3752 ,581 
1751 ,3752 ,581 
1751 ,3752 ,581 
1751 ,3752 ,581 
1711 ,3731 ,532 
1711 ,3731 ,532 
1711 ,3731 ,532 
1711 ,3731 ,532 
1711 ,3731 ,532 
1711 ,3731 ,532 
1711 ,3731 ,532 
1711 ,3731 ,532 
1676 ,3715 ,537 
1676 ,3715 ,537 
1676 ,3715 ,537 
1676 ,3715 ,537 
1676 ,3715 ,537 
1676 ,3715 ,537 
1676 ,3715 ,537 
1676 ,3715 ,537 
1671 ,3733 ,525 
1671 ,3733 ,525 
1671 ,3733 ,525 
1671 ,3733 ,525 
1671 ,3733 ,525 
1671 ,3733 ,525 
1671 ,3733 ,525 
1671 ,3733 ,525 
1671 ,3733 ,525 
1701 ,3726 ,578 
1701 ,3726 ,578 
1701 ,3726 ,578 
1701 ,3726 ,578 
1701 ,3726 ,578 
1701 ,3726 ,578 
1701 ,3726 ,578 
1701 ,3726 ,578 
1699 ,3746 ,528 
1699 ,3746 ,528 
1699 ,3746 ,528 
1699 ,3746 ,528 
1699 ,3746 ,528 
1699 ,3746 ,528 
1699 ,3746 ,528 
1699 ,3746 ,528 
1748 ,3728 ,578 
1748 ,3728 ,578 
1748 ,3728 ,578 
1748 ,3728 ,578 
1748 ,3728 ,578 
1748 ,3728 ,578 
1748 ,3728 ,578 
1748 ,3728 ,578 
1748 ,3728 ,578 
1693 ,3739 ,532 
1693 ,3739 ,532 
1693 ,3739 ,532 
1693 ,3739 ,532 
1693 ,3739 ,532 
1693 ,3739 ,532 
1693 ,3739 ,532 
1693 ,3739 ,532 
1722 ,3696 ,538 
1722 ,3696 ,538 
1722 ,3696 ,538 
1722 ,3696 ,538 
1722 ,3696 ,538 
1722 ,3696 ,538 
1722 ,3696 ,538 
1722 ,3696 ,538 
1722 ,3696 ,538 
1711 ,3759 ,518 
1711 ,3759 ,518 
1711 ,3759 ,518 
1711 ,3759 ,518 
1711 ,3759 ,518 
1711 ,3759 ,518 
1711 ,3759 ,518 
1711 ,3759 ,518 
1717 ,3743 ,525 
1717 ,3743 ,525 
1717 ,3743 ,525 
1717 ,3743 ,525 
1717 ,3743 ,525 
1717 ,3743 ,525 
1717 ,3743 ,525 
1717 ,3743 ,525 
1760 ,3741 ,536 
1760 ,3741 ,536 
1760 ,3741 ,536 
1760 ,3741 ,536 
1760 ,3741 ,536 
1760 ,3741 ,536 
1760 ,3741 ,536 
1760 ,3741 ,536 
1760 ,3741 ,536 
1716 ,3721 ,581 
1716 ,3721 ,581 
1716 ,3721 ,581 
1716 ,3721 ,581 
1716 ,3721 ,581 
1716 ,3721 ,581 
1716 ,3721 ,581 
1716 ,3721 ,581 
1817 ,3712 ,653 
1817 ,3712 ,653 
1817 ,3712 ,653 
1817 ,3712 ,653 
1817 ,3712 ,653 
1817 ,3712 ,653 
1817 ,3712 ,653 
1817 ,3712 ,653 
1747 ,3752 ,558 
1747 ,3752 ,558 
1747 ,3752 ,558 
1747 ,3752 ,558 
1747 ,3752 ,558 
1747 ,3752 ,558 
801 ,169 ,-139 
801 ,169 ,-139 
801 ,169 ,-139 
801 ,169 ,-139 
801 ,169 ,-139 
801 ,169 ,-139 
801 ,169 ,-139 
801 ,169 ,-139 
806 ,1687 ,403 
806 ,1687 ,403 
806 ,1687 ,403 
806 ,1687 ,403 
806 ,1687 ,403 
806 ,1687 ,403 
806 ,1687 ,403 
806 ,1687 ,403 
806 ,1687 ,403 
763 ,1756 ,432 
763 ,1756 ,432 
763 ,1756 ,432 
763 ,1756 ,432 
763 ,1756 ,432 
763 ,1756 ,432 
763 ,1756 ,432 
763 ,1756 ,432 
763 ,1804 ,471 
763 ,1804 ,471 
763 ,1804 ,471 
763 ,1804 ,471 
763 ,1804 ,471 
763 ,1804 ,471 
763 ,1804 ,471 
763 ,1804 ,471 
762 ,1809 ,438 
762 ,1809 ,438 
762 ,1809 ,438 
762 ,1809 ,438 
762 ,1809 ,438 
762 ,1809 ,438 
762 ,1809 ,438 
762 ,1809 ,438 
762 ,1809 ,438 
749 ,1821 ,468 
749 ,1821 ,468 
749 ,1821 ,468 
749 ,1821 ,468 
749 ,1821 ,468 
749 ,1821 ,468 
749 ,1821 ,468 
749 ,1821 ,468 
798 ,1805 ,439 
798 ,1805 ,439 
798 ,1805 ,439 
798 ,1805 ,439 
798 ,1805 ,439 
798 ,1805 ,439 
798 ,1805 ,439 
798 ,1805 ,439 
819 ,1863 ,462 
819 ,1863 ,462 
819 ,1863 ,462 
819 ,1863 ,462 
819 ,1863 ,462 
819 ,1863 ,462 
819 ,1863 ,462 
819 ,1863 ,462 
819 ,1863 ,462 
793 ,1834 ,461 
793 ,1834 ,461 
793 ,1834 ,461 
793 ,1834 ,461 
793 ,1834 ,461 
793 ,1834 ,461 
793 ,1834 ,461 
793 ,1834 ,461 
780 ,1826 ,462 
780 ,1826 ,462 
780 ,1826 ,462 
780 ,1826 ,462 
780 ,1826 ,462 
780 ,1826 ,462 
780 ,1826 ,462 
780 ,1826 ,462 
780 ,1826 ,462 
820 ,1804 ,463 
820 ,1804 ,463 
820 ,1804 ,463 
820 ,1804 ,463 
820 ,1804 ,463 
820 ,1804 ,463 
820 ,1804 ,463 
820 ,1804 ,463 
775 ,1816 ,490 
775 ,1816 ,490 
775 ,1816 ,490 
775 ,1816 ,490 
775 ,1816 ,490 
775 ,1816 ,490 
775 ,1816 ,490 
775 ,1816 ,490 
744 ,1866 ,493 
744 ,1866 ,493 
744 ,1866 ,493 
744 ,1866 ,493 
744 ,1866 ,493 
744 ,1866 ,493 
744 ,1866 ,493 
744 ,1866 ,493 
744 ,1866 ,493 
802 ,1831 ,461 
802 ,1831 ,461 
802 ,1831 ,461 
802 ,1831 ,461 
802 ,1831 ,461 
802 ,1831 ,461 
802 ,1831 ,461 
802 ,1831 ,461 
798 ,1860 ,459 
798 ,1860 ,459 
798 ,1860 ,459 
798 ,1860 ,459 
798 ,1860 ,459 
798 ,1860 ,459 
798 ,1860 ,459 
798 ,1860 ,459 
798 ,1860 ,459 
779 ,1853 ,473 
779 ,1853 ,473 
779 ,1853 ,473 
779 ,1853 ,473 
779 ,1853 ,473 
779 ,1853 ,473 
779 ,1853 ,473 
779 ,1853 ,473 
720 ,1873 ,492 
720 ,1873 ,492 
720 ,1873 ,492 
720 ,1873 ,492 
720 ,1873 ,492 
720 ,1873 ,492 
720 ,1873 ,492 
720 ,1873 ,492 
779 ,1801 ,430 
779 ,1801 ,430 
779 ,1801 ,430 
779 ,1801 ,430 
779 ,1801 ,430 
779 ,1801 ,430 
779 ,1801 ,430 
779 ,1801 ,430 
779 ,1801 ,430 
768 ,1804 ,447 
768 ,1804 ,447 
768 ,1804 ,447 
768 ,1804 ,447 
768 ,1804 ,447 
768 ,1804 ,447 
768 ,1804 ,447 
768 ,1804 ,447 
654 ,1875 ,408 
654 ,1875 ,408 
654 ,1875 ,408 
654 ,1875 ,408 
654 ,1875 ,408 
654 ,1875 ,408 
654 ,1875 ,408 
654 ,1875 ,408 
770 ,1842 ,486 
770 ,1842 ,486 
770 ,1842 ,486 
770 ,1842 ,486 
770 ,1842 ,486 
770 ,1842 ,486 
770 ,1842 ,486 
770 ,1842 ,486 
770 ,1842 ,486 
777 ,1804 ,425 
777 ,1804 ,425 
777 ,1804 ,425 
777 ,1804 ,425 
777 ,1804 ,425 
777 ,1804 ,425 
777 ,1804 ,425 
777 ,1804 ,425 
784 ,1835 ,484 
784 ,1835 ,484 
784 ,1835 ,484 
784 ,1835 ,484 
784 ,1835 ,484 
784 ,1835 ,484 
784 ,1835 ,484 
784 ,1835 ,484 
784 ,1835 ,484 
773 ,1034 ,6 
773 ,1034 ,6 
773 ,1034 ,6 
773 ,1034 ,6 
773 ,1034 ,6 
773 ,1034 ,6 
773 ,1034 ,6 
773 ,1034 ,6 
761 ,1336 ,147 
761 ,1336 ,147 
761 ,1336 ,147 
761 ,1336 ,147 
761 ,1336 ,147 
761 ,1336 ,147 
761 ,1336 ,147 
761 ,1336 ,147 
773 ,1488 ,182 
773 ,1488 ,182 
773 ,1488 ,182 
773 ,1488 ,182 
773 ,1488 ,182 
773 ,1488 ,182 
773 ,1488 ,182 
773 ,1488 ,182 
773 ,1488 ,182 
765 ,1650 ,336 
765 ,1650 ,336 
765 ,1650 ,336 
765 ,1650 ,336 
1770 ,1791 ,-24 
1770 ,1791 ,-24 
1770 ,1791 ,-24 
1693 ,1703 ,3 
1693 ,1703 ,3 
1693 ,1703 ,3 
1693 ,1703 ,3 
1693 ,1703 ,3 
1693 ,1703 ,3 
1693 ,1703 ,3 
1693 ,1703 ,3 
1693 ,1703 ,3 
1676 ,1698 ,-10 
1676 ,1698 ,-10 
1676 ,1698 ,-10 
1676 ,1698 ,-10 
1676 ,1698 ,-10 
1676 ,1698 ,-10 
1676 ,1698 ,-10 
1676 ,1698 ,-10 
1731 ,1718 ,25 
1731 ,1718 ,25 
1731 ,1718 ,25 
1731 ,1718 ,25 
1731 ,1718 ,25 
1731 ,1718 ,25 
1731 ,1718 ,25 
1731 ,1718 ,25 
1710 ,1729 ,-26 
1710 ,1729 ,-26 
1710 ,1729 ,-26 
1710 ,1729 ,-26 
1710 ,1729 ,-26 
1710 ,1729 ,-26 
1710 ,1729 ,-26 
1710 ,1729 ,-26 
1710 ,1729 ,-26 
1714 ,1717 ,6 
1714 ,1717 ,6 
1714 ,1717 ,6 
1714 ,1717 ,6 
1714 ,1717 ,6 
1714 ,1717 ,6 
1714 ,1717 ,6 
1714 ,1717 ,6 
1657 ,1682 ,37 
1657 ,1682 ,37 
1657 ,1682 ,37 
1657 ,1682 ,37 
1657 ,1682 ,37 
1657 ,1682 ,37 
1657 ,1682 ,37 
1657 ,1682 ,37 
1657 ,1682 ,37 
1686 ,1701 ,49 
1686 ,1701 ,49 
1686 ,1701 ,49 
1686 ,1701 ,49 
1686 ,1701 ,49 
1686 ,1701 ,49 
1686 ,1701 ,49 
1686 ,1701 ,49 
1753 ,1766 ,13 
1753 ,1766 ,13 
1753 ,1766 ,13 
1753 ,1766 ,13 
1753 ,1766 ,13 
1753 ,1766 ,13 
1753 ,1766 ,13 
1753 ,1766 ,13 
1682 ,1687 ,56 
1682 ,1687 ,56 
1682 ,1687 ,56 
1682 ,1687 ,56 
1682 ,1687 ,56 
1682 ,1687 ,56 
1682 ,1687 ,56 
1682 ,1687 ,56 
1682 ,1687 ,56 
1678 ,1722 ,57 
1678 ,1722 ,57 
1678 ,1722 ,57 
1678 ,1722 ,57 
1678 ,1722 ,57 
1678 ,1722 ,57 
1678 ,1722 ,57 
1678 ,1722 ,57 
1718 ,1740 ,5 
1718 ,1740 ,5 
1718 ,1740 ,5 
1718 ,1740 ,5 
1718 ,1740 ,5 
1718 ,1740 ,5 
1718 ,1740 ,5 
1718 ,1740 ,5 
1718 ,1740 ,5 
1672 ,1671 ,-11 
1672 ,1671 ,-11 
1672 ,1671 ,-11 
1672 ,1671 ,-11 
1672 ,1671 ,-11 
1672 ,1671 ,-11 
1672 ,1671 ,-11 
1672 ,1671 ,-11 
1696 ,1693 ,56 
1696 ,1693 ,56 
1696 ,1693 ,56 
1696 ,1693 ,56 
1696 ,1693 ,56 
1696 ,1693 ,56 
1696 ,1693 ,56 
1696 ,1693 ,56 
1821 ,1882 ,7 
1821 ,1882 ,7 
1821 ,1882 ,7 
1821 ,1882 ,7 
1821 ,1882 ,7 
1821 ,1882 ,7 
1821 ,1882 ,7 
1821 ,1882 ,7 
1821 ,1882 ,7 
1723 ,1729 ,45 
1723 ,1729 ,45 
1723 ,1729 ,45 
1723 ,1729 ,45 
1723 ,1729 ,45 
1723 ,1729 ,45 
1723 ,1729 ,45 
1723 ,1729 ,45 
1744 ,1780 ,28 
1744 ,1780 ,28 
1744 ,1780 ,28 
1744 ,1780 ,28 
1744 ,1780 ,28 
1744 ,1780 ,28 
1744 ,1780 ,28 
1744 ,1780 ,28 
1747 ,1750 ,11 
1747 ,1750 ,11 
1747 ,1750 ,11 
1747 ,1750 ,11 
1747 ,1750 ,11 
1747 ,1750 ,11 
1747 ,1750 ,11 
1747 ,1750 ,11 
1747 ,1750 ,11 
1687 ,1752 ,-12 
1687 ,1752 ,-12 
1687 ,1752 ,-12 
1687 ,1752 ,-12 
1687 ,1752 ,-12 
1687 ,1752 ,-12 
1687 ,1752 ,-12 
1687 ,1752 ,-12 
1653 ,1659 ,57 
1653 ,1659 ,57 
1653 ,1659 ,57 
1653 ,1659 ,57 
1653 ,1659 ,57 
1653 ,1659 ,57 
1653 ,1659 ,57 
1653 ,1659 ,57 
1653 ,1659 ,57 
1657 ,1700 ,48 
1657 ,1700 ,48 
1657 ,1700 ,48 
1657 ,1700 ,48 
1657 ,1700 ,48 
1657 ,1700 ,48 
1657 ,1700 ,48 
1657 ,1700 ,48 
1688 ,1703 ,39 
1688 ,1703 ,39 
1688 ,1703 ,39 
1688 ,1703 ,39 
1688 ,1703 ,39 
1688 ,1703 ,39 
1688 ,1703 ,39 
1688 ,1703 ,39 
1745 ,1807 ,-10 
1745 ,1807 ,-10 
1745 ,1807 ,-10 
1745 ,1807 ,-10 
1745 ,1807 ,-10 
1745 ,1807 ,-10 
1745 ,1807 ,-10 
1745 ,1807 ,-10 
1745 ,1807 ,-10 
1694 ,1736 ,50 
1694 ,1736 ,50 
1694 ,1736 ,50 
1694 ,1736 ,50 
1694 ,1736 ,50 
1694 ,1736 ,50 
1694 ,1736 ,50 
1694 ,1736 ,50 
1637 ,1644 ,57 
1637 ,1644 ,57 
1637 ,1644 ,57 
1637 ,1644 ,57 
1637 ,1644 ,57 
1637 ,1644 ,57 
1637 ,1644 ,57 
1637 ,1644 ,57 
1637 ,1644 ,57 
1659 ,1709 ,62 
1659 ,1709 ,62 
1659 ,1709 ,62 
1659 ,1709 ,62 
1659 ,1709 ,62 
1659 ,1709 ,62 
1659 ,1709 ,62 
1659 ,1709 ,62 
1698 ,1732 ,50 
1698 ,1732 ,50 
1698 ,1732 ,50 
1698 ,1732 ,50 
1698 ,1732 ,50 
1698 ,1732 ,50 
1698 ,1732 ,50 
1698 ,1732 ,50 
1741 ,1764 ,22 
1741 ,1764 ,22 
1741 ,1764 ,22 
1741 ,1764 ,22 
1741 ,1764 ,22 
1741 ,1764 ,22 
1741 ,1764 ,22 
1741 ,1764 ,22 
1741 ,1764 ,22 
1672 ,1680 ,-6 
1672 ,1680 ,-6 
1672 ,1680 ,-6 
1672 ,1680 ,-6 
1672 ,1680 ,-6 
1672 ,1680 ,-6 
1672 ,1680 ,-6 
1672 ,1680 ,-6 
1690 ,1683 ,2 
1690 ,1683 ,2 
1690 ,1683 ,2 
1690 ,1683 ,2 
1690 ,1683 ,2 
1690 ,1683 ,2 
1690 ,1683 ,2 
1690 ,1683 ,2 
1690 ,1683 ,2 
1697 ,1713 ,-7 
1697 ,1713 ,-7 
1697 ,1713 ,-7 
1697 ,1713 ,-7 
1697 ,1713 ,-7 
1697 ,1713 ,-7 
1697 ,1713 ,-7 
1697 ,1713 ,-7 
1669 ,1669 ,55 
1669 ,1669 ,55 
1669 ,1669 ,55 
1669 ,1669 ,55 
1669 ,1669 ,55 
1669 ,1669 ,55 
1669 ,1669 ,55 
1669 ,1669 ,55 
1765 ,1787 ,-37 
1765 ,1787 ,-37 
1765 ,1787 ,-37 
1765 ,1787 ,-37 
1765 ,1787 ,-37 
1765 ,1787 ,-37 
1765 ,1787 ,-37 
1765 ,1787 ,-37 
1765 ,1787 ,-37 
1674 ,1709 ,65 
1674 ,1709 ,65 
1674 ,1709 ,65 
1674 ,1709 ,65 
1674 ,1709 ,65 
1674 ,1709 ,65 
1674 ,1709 ,65 
1674 ,1709 ,65 
1675 ,1718 ,78 
1675 ,1718 ,78 
1675 ,1718 ,78 
1675 ,1718 ,78 
1675 ,1718 ,78 
1675 ,1718 ,78 
1675 ,1718 ,78 
1675 ,1718 ,78 
1675 ,1718 ,78 
1706 ,1699 ,16 
1706 ,1699 ,16 
1706 ,1699 ,16 
1706 ,1699 ,16 
1706 ,1699 ,16 
1706 ,1699 ,16 
1706 ,1699 ,16 
1706 ,1699 ,16 
1719 ,1721 ,-19 
1719 ,1721 ,-19 
1719 ,1721 ,-19 
1719 ,1721 ,-19 
1719 ,1721 ,-19 
1719 ,1721 ,-19 
1719 ,1721 ,-19 
1719 ,1721 ,-19 
1743 ,1771 ,-23 
1743 ,1771 ,-23 
1743 ,1771 ,-23 
1743 ,1771 ,-23 
1743 ,1771 ,-23 
1743 ,1771 ,-23 
1743 ,1771 ,-23 
1743 ,1771 ,-23 
1743 ,1771 ,-23 
1699 ,1701 ,0 
1699 ,1701 ,0 
1699 ,1701 ,0 
1699 ,1701 ,0 
1699 ,1701 ,0 
1699 ,1701 ,0 
1699 ,1701 ,0 
1699 ,1701 ,0 
1743 ,1773 ,4 
1743 ,1773 ,4 
1743 ,1773 ,4 
1743 ,1773 ,4 
1743 ,1773 ,4 
1743 ,1773 ,4 
1743 ,1773 ,4 
1743 ,1773 ,4 
1760 ,1779 ,-7 
1760 ,1779 ,-7 
1760 ,1779 ,-7 
1760 ,1779 ,-7 
1760 ,1779 ,-7 
1760 ,1779 ,-7 
1760 ,1779 ,-7 
1760 ,1779 ,-7 
1760 ,1779 ,-7 
1711 ,1718 ,12 
1711 ,1718 ,12 
1711 ,1718 ,12 
1711 ,1718 ,12 
1711 ,1718 ,12 
1711 ,1718 ,12 
1711 ,1718 ,12 
1711 ,1718 ,12 
1707 ,1785 ,15 
1707 ,1785 ,15 
1707 ,1785 ,15 
1707 ,1785 ,15 
1707 ,1785 ,15 
1707 ,1785 ,15 
1707 ,1785 ,15 
1707 ,1785 ,15 
1707 ,1785 ,15 
1743 ,1736 ,18 
1743 ,1736 ,18 
1743 ,1736 ,18 
1743 ,1736 ,18 
1743 ,1736 ,18 
1743 ,1736 ,18 
1743 ,1736 ,18 
1743 ,1736 ,18 
1676 ,1734 ,-6 
1676 ,1734 ,-6 
1676 ,1734 ,-6 
1676 ,1734 ,-6 
1676 ,1734 ,-6 
1676 ,1734 ,-6 
1676 ,1734 ,-6 
1676 ,1734 ,-6 
1705 ,1675 ,12 
1705 ,1675 ,12 
1705 ,1675 ,12 
1705 ,1675 ,12 
1705 ,1675 ,12 
1705 ,1675 ,12 
1705 ,1675 ,12 
1705 ,1675 ,12 
1705 ,1675 ,12 
1691 ,1759 ,14 
1691 ,1759 ,14 
1691 ,1759 ,14 
1691 ,1759 ,14 
1691 ,1759 ,14 
1691 ,1759 ,14 
1691 ,1759 ,14 
1691 ,1759 ,14 
1734 ,1745 ,-7 
1734 ,1745 ,-7 
1734 ,1745 ,-7 
1734 ,1745 ,-7 
1734 ,1745 ,-7 
1734 ,1745 ,-7 
1734 ,1745 ,-7 
1734 ,1745 ,-7 
1672 ,1688 ,-1 
1672 ,1688 ,-1 
1672 ,1688 ,-1 
1672 ,1688 ,-1 
1672 ,1688 ,-1 
1672 ,1688 ,-1 
1672 ,1688 ,-1 
1672 ,1688 ,-1 
1672 ,1688 ,-1 
1697 ,1698 ,2 
1697 ,1698 ,2 
1697 ,1698 ,2 
1697 ,1698 ,2 
1697 ,1698 ,2 
1697 ,1698 ,2 
1697 ,1698 ,2 
1697 ,1698 ,2 
1708 ,1716 ,-4 
1708 ,1716 ,-4 
1708 ,1716 ,-4 
1708 ,1716 ,-4 
1708 ,1716 ,-4 
1708 ,1716 ,-4 
1708 ,1716 ,-4 
1708 ,1716 ,-4 
1708 ,1716 ,-4 
1743 ,1804 ,-1 
1743 ,1804 ,-1 
1743 ,1804 ,-1 
1743 ,1804 ,-1 
1743 ,1804 ,-1 
1743 ,1804 ,-1 
1743 ,1804 ,-1 
1743 ,1804 ,-1 
1757 ,1800 ,-26 
1757 ,1800 ,-26 
1757 ,1800 ,-26 
1757 ,1800 ,-26 
1757 ,1800 ,-26 
1757 ,1800 ,-26 
1757 ,1800 ,-26 
1757 ,1800 ,-26 
1726 ,1727 ,2 
1726 ,1727 ,2 
1726 ,1727 ,2 
1726 ,1727 ,2 
1726 ,1727 ,2 
1726 ,1727 ,2 
1726 ,1727 ,2 
1726 ,1727 ,2 
1726 ,1727 ,2 
1688 ,1753 ,-6 
1688 ,1753 ,-6 
1688 ,1753 ,-6 
1688 ,1753 ,-6 
1688 ,1753 ,-6 
1688 ,1753 ,-6 
1688 ,1753 ,-6 
1688 ,1753 ,-6 
1713 ,1765 ,12 
1713 ,1765 ,12 
1713 ,1765 ,12 
1713 ,1765 ,12 
1713 ,1765 ,12 
1713 ,1765 ,12 
1713 ,1765 ,12 
1713 ,1765 ,12 
1673 ,1723 ,-27 
1673 ,1723 ,-27 
1673 ,1723 ,-27 
1673 ,1723 ,-27 
1673 ,1723 ,-27 
1673 ,1723 ,-27 
1673 ,1723 ,-27 
1673 ,1723 ,-27 
1673 ,1723 ,-27 
1732 ,1776 ,25 
1732 ,1776 ,25 
1732 ,1776 ,25 
1732 ,1776 ,25 
1732 ,1776 ,25 
1732 ,1776 ,25 
1732 ,1776 ,25 
1732 ,1776 ,25 
1688 ,1719 ,29 
1688 ,1719 ,29 
1688 ,1719 ,29 
1688 ,1719 ,29 
1688 ,1719 ,29 
1688 ,1719 ,29 
1688 ,1719 ,29 
1688 ,1719 ,29 
1688 ,1719 ,29 
1699 ,1749 ,31 
1699 ,1749 ,31 
1699 ,1749 ,31 
1699 ,1749 ,31 
1699 ,1749 ,31 
1699 ,1749 ,31 
1699 ,1749 ,31 
1699 ,1749 ,31 
1691 ,1666 ,-26 
1691 ,1666 ,-26 
1691 ,1666 ,-26 
1691 ,1666 ,-26 
1691 ,1666 ,-26 
1691 ,1666 ,-26 
1691 ,1666 ,-26 
1691 ,1666 ,-26 
1761 ,1811 ,3 
1761 ,1811 ,3 
1761 ,1811 ,3 
1761 ,1811 ,3 
1761 ,1811 ,3 
1761 ,1811 ,3 
1500 ,3029 ,426 
1500 ,3029 ,426 
1500 ,3029 ,426 
1472 ,3011 ,375 
1472 ,3011 ,375 
1472 ,3011 ,375 
1472 ,3011 ,375 
1472 ,3011 ,375 
1472 ,3011 ,375 
1472 ,3011 ,375 
1472 ,3011 ,375 
1472 ,3011 ,375 
1477 ,2972 ,418 
1477 ,2972 ,418 
1477 ,2972 ,418 
1477 ,2972 ,418 
1477 ,2972 ,418 
1477 ,2972 ,418 
1477 ,2972 ,418 
1477 ,2972 ,418 
1544 ,2994 ,423 
1544 ,2994 ,423 
1544 ,2994 ,423 
1544 ,2994 ,423 
1544 ,2994 ,423 
1544 ,2994 ,423 
1544 ,2994 ,423 
1544 ,2994 ,423 
1509 ,2995 ,392 
1509 ,2995 ,392 
1509 ,2995 ,392 
1509 ,2995 ,392 
1509 ,2995 ,392 
1509 ,2995 ,392 
1509 ,2995 ,392 
1509 ,2995 ,392 
1509 ,2995 ,392 
1495 ,3024 ,407 
1495 ,3024 ,407 
1495 ,3024 ,407 
1495 ,3024 ,407 
1495 ,3024 ,407 
1495 ,3024 ,407 
1495 ,3024 ,407 
1495 ,3024 ,407 
1476 ,3004 ,418 
1476 ,3004 ,418 
1476 ,3004 ,418 
1476 ,3004 ,418 
1476 ,3004 ,418 
1476 ,3004 ,418 
1476 ,3004 ,418 
1476 ,3004 ,418 
1476 ,3004 ,418 
1494 ,2986 ,430 
1494 ,2986 ,430 
1494 ,2986 ,430 
1494 ,2986 ,430 
1494 ,2986 ,430 
1494 ,2986 ,430 
1494 ,2986 ,430 
1494 ,2986 ,430 
1475 ,3037 ,403 
1475 ,3037 ,403 
1475 ,3037 ,403 
1475 ,3037 ,403 
1475 ,3037 ,403 
1475 ,3037 ,403 
1475 ,3037 ,403 
1475 ,3037 ,403 
1469 ,3032 ,464 
1469 ,3032 ,464 
1469 ,3032 ,464 
1469 ,3032 ,464 
1469 ,3032 ,464 
1469 ,3032 ,464 
1469 ,3032 ,464 
1469 ,3032 ,464 
1469 ,3032 ,464 
1540 ,2979 ,399 
1540 ,2979 ,399 
1540 ,2979 ,399 
1540 ,2979 ,399 
1540 ,2979 ,399 
1540 ,2979 ,399 
1540 ,2979 ,399 
1540 ,2979 ,399 
1515 ,2992 ,392 
1515 ,2992 ,392 
1515 ,2992 ,392 
1515 ,2992 ,392 
1515 ,2992 ,392 
1515 ,2992 ,392 
1515 ,2992 ,392 
1515 ,2992 ,392 
1515 ,2992 ,392 
1444 ,3041 ,408 
1444 ,3041 ,408 
1444 ,3041 ,408 
1444 ,3041 ,408 
1444 ,3041 ,408 
1444 ,3041 ,408 
1444 ,3041 ,408 
1444 ,3041 ,408 
1477 ,2991 ,436 
1477 ,2991 ,436 
1477 ,2991 ,436 
1477 ,2991 ,436 
1477 ,2991 ,436 
1477 ,2991 ,436 
1477 ,2991 ,436 
1477 ,2991 ,436 
1467 ,3046 ,446 
1467 ,3046 ,446 
1467 ,3046 ,446 
1467 ,3046 ,446 
1467 ,3046 ,446 
1467 ,3046 ,446 
1467 ,3046 ,446 
1467 ,3046 ,446 
1467 ,3046 ,446 
1499 ,3005 ,425 
1499 ,3005 ,425 
1499 ,3005 ,425 
1499 ,3005 ,425 
1499 ,3005 ,425 
1499 ,3005 ,425 
1499 ,3005 ,425 
1499 ,3005 ,425 
1444 ,3003 ,371 
1444 ,3003 ,371 
1444 ,3003 ,371 
1444 ,3003 ,371 
1444 ,3003 ,371 
1444 ,3003 ,371 
1444 ,3003 ,371 
1444 ,3003 ,371 
1457 ,3009 ,429 
1457 ,3009 ,429 
1457 ,3009 ,429 
1457 ,3009 ,429 
1457 ,3009 ,429 
1457 ,3009 ,429 
1457 ,3009 ,429 
1457 ,3009 ,429 
1457 ,3009 ,429 
1469 ,3014 ,445 
1469 ,3014 ,445 
1469 ,3014 ,445 
1469 ,3014 ,445 
1469 ,3014 ,445 
1469 ,3014 ,445 
1469 ,3014 ,445 
1469 ,3014 ,445 
1460 ,3014 ,405 
1460 ,3014 ,405 
1460 ,3014 ,405 
1460 ,3014 ,405 
1460 ,3014 ,405 
1460 ,3014 ,405 
1460 ,3014 ,405 
1460 ,3014 ,405 
1460 ,3014 ,405 
1505 ,2996 ,375 
1505 ,2996 ,375 
1505 ,2996 ,375 
1505 ,2996 ,375 
1505 ,2996 ,375 
1505 ,2996 ,375 
1505 ,2996 ,375 
1505 ,2996 ,375 
1436 ,2993 ,429 
1436 ,2993 ,429 
1436 ,2993 ,429 
1436 ,2993 ,429 
1436 ,2993 ,429 
1436 ,2993 ,429 
1436 ,2993 ,429 
1436 ,2993 ,429 
1492 ,2991 ,384 
1492 ,2991 ,384 
1492 ,2991 ,384 
1492 ,2991 ,384 
1492 ,2991 ,384 
1492 ,2991 ,384 
1492 ,2991 ,384 
1492 ,2991 ,384 
1492 ,2991 ,384 
1444 ,3005 ,444 
1444 ,3005 ,444 
1444 ,3005 ,444 
1444 ,3005 ,444 
1444 ,3005 ,444 
1444 ,3005 ,444 
1444 ,3005 ,444 
1444 ,3005 ,444 
1442 ,2999 ,434 
1442 ,2999 ,434 
1442 ,2999 ,434 
1442 ,2999 ,434 
1442 ,2999 ,434 
1442 ,2999 ,434 
1442 ,2999 ,434 
1442 ,2999 ,434 
1442 ,2999 ,434 
1434 ,3026 ,406 
1434 ,3026 ,406 
1434 ,3026 ,406 
1434 ,3026 ,406 
1434 ,3026 ,406 
1434 ,3026 ,406 
1434 ,3026 ,406 
1434 ,3026 ,406 
1439 ,3018 ,423 
1439 ,3018 ,423 
1439 ,3018 ,423 
1439 ,3018 ,423 
1439 ,3018 ,423 
1439 ,3018 ,423 
1439 ,3018 ,423 
1439 ,3018 ,423 
1500 ,2983 ,430 
1500 ,2983 ,430 
1500 ,2983 ,430 
1500 ,2983 ,430 
1500 ,2983 ,430 
1500 ,2983 ,430 
1500 ,2983 ,430 
1500 ,2983 ,430 
1500 ,2983 ,430 
1444 ,2993 ,367 
1444 ,2993 ,367 
1444 ,2993 ,367 
1444 ,2993 ,367 
1444 ,2993 ,367 
1444 ,2993 ,367 
1444 ,2993 ,367 
1444 ,2993 ,367 
1450 ,3049 ,398 
1450 ,3049 ,398 
1450 ,3049 ,398 
1450 ,3049 ,398 
1450 ,3049 ,398 
1450 ,3049 ,398 
1450 ,3049 ,398 
1450 ,3049 ,398 
1475 ,2991 ,373 
1475 ,2991 ,373 
1475 ,2991 ,373 
1475 ,2991 ,373 
1475 ,2991 ,373 
1475 ,2991 ,373 
1475 ,2991 ,373 
1475 ,2991 ,373 
1475 ,2991 ,373 
1472 ,2953 ,389 
1472 ,2953 ,389 
1472 ,2953 ,389 
1472 ,2953 ,389 
1472 ,2953 ,389 
1472 ,2953 ,389 
